2026-07-15 18:50:48,701:WARNING:
'cuml' is a soft dependency and not included in the pycaret installation. Please run: `pip install cuml` to install.
2026-07-15 18:50:48,701:WARNING:
'cuml' is a soft dependency and not included in the pycaret installation. Please run: `pip install cuml` to install.
2026-07-15 18:50:48,701:WARNING:
'cuml' is a soft dependency and not included in the pycaret installation. Please run: `pip install cuml` to install.
2026-07-15 18:50:48,701:WARNING:
'cuml' is a soft dependency and not included in the pycaret installation. Please run: `pip install cuml` to install.
2026-07-15 18:50:58,600:INFO:PyCaret ClassificationExperiment
2026-07-15 18:50:58,600:INFO:Logging name: clf-default-name
2026-07-15 18:50:58,600:INFO:ML Usecase: MLUsecase.CLASSIFICATION
2026-07-15 18:50:58,600:INFO:version 3.3.2
2026-07-15 18:50:58,600:INFO:Initializing setup()
2026-07-15 18:50:58,600:INFO:self.USI: 2ef8
2026-07-15 18:50:58,600:INFO:self._variable_keys: {'gpu_param', 'data', 'USI', 'X_test', '_ml_usecase', 'target_param', 'fold_generator', 'is_multiclass', 'log_plots_param', 'X_train', 'html_param', 'exp_id', 'n_jobs_param', 'seed', 'fold_shuffle_param', 'y', 'logging_param', 'memory', 'y_train', 'exp_name_log', 'fold_groups_param', 'y_test', 'idx', 'fix_imbalance', 'X', '_available_plots', 'gpu_n_jobs_param', 'pipeline'}
2026-07-15 18:50:58,600:INFO:Checking environment
2026-07-15 18:50:58,600:INFO:python_version: 3.10.20
2026-07-15 18:50:58,600:INFO:python_build: ('main', 'Jun 11 2026 15:13:20')
2026-07-15 18:50:58,600:INFO:machine: AMD64
2026-07-15 18:50:58,634:INFO:platform: Windows-10-10.0.26200-SP0
2026-07-15 18:50:58,634:INFO:Memory: svmem(total=68054728704, available=39218548736, percent=42.4, used=28836179968, free=39218548736)
2026-07-15 18:50:58,634:INFO:Physical Core: 24
2026-07-15 18:50:58,634:INFO:Logical Core: 24
2026-07-15 18:50:58,634:INFO:Checking libraries
2026-07-15 18:50:58,634:INFO:System:
2026-07-15 18:50:58,634:INFO:    python: 3.10.20 | packaged by Anaconda, Inc. | (main, Jun 11 2026, 15:13:20) [MSC v.1942 64 bit (AMD64)]
2026-07-15 18:50:58,634:INFO:executable: D:\test-conda\python.exe
2026-07-15 18:50:58,634:INFO:   machine: Windows-10-10.0.26200-SP0
2026-07-15 18:50:58,634:INFO:PyCaret required dependencies:
2026-07-15 18:50:58,634:WARNING:D:\test-conda\lib\site-packages\_distutils_hack\__init__.py:30: UserWarning: Setuptools is replacing distutils. Support for replacing an already imported distutils is deprecated. In the future, this condition will fail. Register concerns at https://github.com/pypa/setuptools/issues/new?template=distutils-deprecation.yml
  warnings.warn(

2026-07-15 18:51:01,552:INFO:                 pip: 26.1.2
2026-07-15 18:51:01,552:INFO:          setuptools: 82.0.1
2026-07-15 18:51:01,552:INFO:             pycaret: 3.3.2
2026-07-15 18:51:01,552:INFO:             IPython: 8.39.0
2026-07-15 18:51:01,552:INFO:          ipywidgets: 8.1.8
2026-07-15 18:51:01,552:INFO:                tqdm: 4.68.4
2026-07-15 18:51:01,552:INFO:               numpy: 1.26.4
2026-07-15 18:51:01,552:INFO:              pandas: 2.1.4
2026-07-15 18:51:01,552:INFO:              jinja2: 3.1.6
2026-07-15 18:51:01,552:INFO:               scipy: 1.11.4
2026-07-15 18:51:01,552:INFO:              joblib: 1.3.2
2026-07-15 18:51:01,552:INFO:             sklearn: 1.4.2
2026-07-15 18:51:01,552:INFO:                pyod: 3.4.0
2026-07-15 18:51:01,552:INFO:            imblearn: 0.14.2
2026-07-15 18:51:01,552:INFO:   category_encoders: 2.7.0
2026-07-15 18:51:01,552:INFO:            lightgbm: 4.6.0
2026-07-15 18:51:01,552:INFO:               numba: 0.62.1
2026-07-15 18:51:01,555:INFO:            requests: 2.34.2
2026-07-15 18:51:01,555:INFO:          matplotlib: 3.7.5
2026-07-15 18:51:01,555:INFO:          scikitplot: 0.3.7
2026-07-15 18:51:01,555:INFO:         yellowbrick: 1.5
2026-07-15 18:51:01,555:INFO:              plotly: 6.8.0
2026-07-15 18:51:01,555:INFO:    plotly-resampler: Not installed
2026-07-15 18:51:01,555:INFO:             kaleido: 1.3.0
2026-07-15 18:51:01,555:INFO:           schemdraw: 0.15
2026-07-15 18:51:01,555:INFO:         statsmodels: 0.14.6
2026-07-15 18:51:01,555:INFO:              sktime: 0.26.0
2026-07-15 18:51:01,555:INFO:               tbats: 1.1.3
2026-07-15 18:51:01,555:INFO:            pmdarima: 2.0.4
2026-07-15 18:51:01,555:INFO:              psutil: 7.2.2
2026-07-15 18:51:01,555:INFO:          markupsafe: 3.0.3
2026-07-15 18:51:01,555:INFO:             pickle5: Not installed
2026-07-15 18:51:01,555:INFO:         cloudpickle: 3.1.2
2026-07-15 18:51:01,555:INFO:         deprecation: 2.1.0
2026-07-15 18:51:01,555:INFO:              xxhash: 3.8.1
2026-07-15 18:51:01,555:INFO:           wurlitzer: Not installed
2026-07-15 18:51:01,555:INFO:PyCaret optional dependencies:
2026-07-15 18:51:14,965:INFO:                shap: 0.44.1
2026-07-15 18:51:14,965:INFO:           interpret: 0.6.9
2026-07-15 18:51:14,965:INFO:                umap: 0.5.7
2026-07-15 18:51:14,965:INFO:     ydata_profiling: 4.18.4
2026-07-15 18:51:14,965:INFO:  explainerdashboard: 0.5.8
2026-07-15 18:51:14,965:INFO:             autoviz: Not installed
2026-07-15 18:51:14,965:INFO:           fairlearn: 0.7.0
2026-07-15 18:51:14,965:INFO:          deepchecks: Not installed
2026-07-15 18:51:14,965:INFO:             xgboost: 3.2.0
2026-07-15 18:51:14,965:INFO:            catboost: 1.2.10
2026-07-15 18:51:14,965:INFO:              kmodes: 0.12.2
2026-07-15 18:51:14,965:INFO:             mlxtend: 0.23.4
2026-07-15 18:51:14,965:INFO:       statsforecast: 1.5.0
2026-07-15 18:51:14,965:INFO:        tune_sklearn: Not installed
2026-07-15 18:51:14,965:INFO:                 ray: Not installed
2026-07-15 18:51:14,965:INFO:            hyperopt: 0.2.7
2026-07-15 18:51:14,965:INFO:              optuna: 4.9.0
2026-07-15 18:51:14,965:INFO:               skopt: 0.10.2
2026-07-15 18:51:14,965:INFO:              mlflow: 3.14.0
2026-07-15 18:51:14,965:INFO:              gradio: 6.20.0
2026-07-15 18:51:14,965:INFO:             fastapi: 0.139.0
2026-07-15 18:51:14,965:INFO:             uvicorn: 0.51.0
2026-07-15 18:51:14,965:INFO:              m2cgen: 0.10.0
2026-07-15 18:51:14,965:INFO:           evidently: 0.4.40
2026-07-15 18:51:14,965:INFO:               fugue: 0.8.7
2026-07-15 18:51:14,965:INFO:           streamlit: Not installed
2026-07-15 18:51:14,965:INFO:             prophet: Not installed
2026-07-15 18:51:14,965:INFO:None
2026-07-15 18:51:14,965:INFO:Set up data.
2026-07-15 18:51:14,965:INFO:Set up folding strategy.
2026-07-15 18:51:14,965:INFO:Set up train/test split.
2026-07-15 18:51:14,976:INFO:Set up index.
2026-07-15 18:51:14,976:INFO:Assigning column types.
2026-07-15 18:51:14,979:INFO:Engine successfully changes for model 'lr' to 'sklearn'.
2026-07-15 18:51:14,994:INFO:Engine for model 'knn' has not been set explicitly, hence returning None.
2026-07-15 18:51:15,005:INFO:Engine for model 'rbfsvm' has not been set explicitly, hence returning None.
2026-07-15 18:51:15,042:INFO:Soft dependency imported: xgboost: 3.2.0
2026-07-15 18:51:15,042:INFO:Soft dependency imported: catboost: 1.2.10
2026-07-15 18:51:18,266:INFO:Engine for model 'knn' has not been set explicitly, hence returning None.
2026-07-15 18:51:18,266:INFO:Engine for model 'rbfsvm' has not been set explicitly, hence returning None.
2026-07-15 18:51:18,266:INFO:Soft dependency imported: xgboost: 3.2.0
2026-07-15 18:51:18,266:INFO:Soft dependency imported: catboost: 1.2.10
2026-07-15 18:51:18,266:INFO:Engine successfully changes for model 'knn' to 'sklearn'.
2026-07-15 18:51:18,283:INFO:Engine for model 'rbfsvm' has not been set explicitly, hence returning None.
2026-07-15 18:51:18,299:INFO:Soft dependency imported: xgboost: 3.2.0
2026-07-15 18:51:18,299:INFO:Soft dependency imported: catboost: 1.2.10
2026-07-15 18:51:18,326:INFO:Engine for model 'rbfsvm' has not been set explicitly, hence returning None.
2026-07-15 18:51:18,337:INFO:Soft dependency imported: xgboost: 3.2.0
2026-07-15 18:51:18,338:INFO:Soft dependency imported: catboost: 1.2.10
2026-07-15 18:51:18,338:INFO:Engine successfully changes for model 'rbfsvm' to 'sklearn'.
2026-07-15 18:51:18,353:INFO:Soft dependency imported: xgboost: 3.2.0
2026-07-15 18:51:18,367:INFO:Soft dependency imported: catboost: 1.2.10
2026-07-15 18:51:18,384:INFO:Soft dependency imported: xgboost: 3.2.0
2026-07-15 18:51:18,384:INFO:Soft dependency imported: catboost: 1.2.10
2026-07-15 18:51:18,400:INFO:Preparing preprocessing pipeline...
2026-07-15 18:51:18,400:INFO:Set up label encoding.
2026-07-15 18:51:18,400:INFO:Set up simple imputation.
2026-07-15 18:51:18,400:INFO:Set up encoding of ordinal features.
2026-07-15 18:51:18,400:INFO:Set up encoding of categorical features.
2026-07-15 18:51:18,434:INFO:Finished creating preprocessing pipeline.
2026-07-15 18:51:18,462:INFO:Pipeline: Pipeline(memory=FastMemory(location=C:\Users\s123m\AppData\Local\Temp\joblib),
         steps=[('label_encoding',
                 TransformerWrapperWithInverse(exclude=None, include=None,
                                               transformer=LabelEncoder())),
                ('numerical_imputer',
                 TransformerWrapper(exclude=None,
                                    include=['Id', 'WeekofPurchase', 'StoreID',
                                             'PriceCH', 'PriceMM', 'DiscCH',
                                             'DiscMM', 'SpecialCH', 'SpecialMM',
                                             'Loyal...
                                                              missing_values=nan,
                                                              strategy='most_frequent'))),
                ('ordinal_encoding',
                 TransformerWrapper(exclude=None, include=['Store7'],
                                    transformer=OrdinalEncoder(cols=['Store7'],
                                                               drop_invariant=False,
                                                               handle_missing='return_nan',
                                                               handle_unknown='value',
                                                               mapping=[{'col': 'Store7',
                                                                         'data_type': dtype('O'),
                                                                         'mapping': No     0
Yes    1
NaN   -1
dtype: int64}],
                                                               return_df=True,
                                                               verbose=0)))],
         verbose=False)
2026-07-15 18:51:18,462:INFO:Creating final display dataframe.
2026-07-15 18:51:18,531:INFO:Setup _display_container:                     Description             Value
0                    Session id              8095
1                        Target          Purchase
2                   Target type            Binary
3                Target mapping      CH: 0, MM: 1
4           Original data shape        (1070, 19)
5        Transformed data shape        (1070, 19)
6   Transformed train set shape         (749, 19)
7    Transformed test set shape         (321, 19)
8              Numeric features                17
9          Categorical features                 1
10                   Preprocess              True
11              Imputation type            simple
12           Numeric imputation              mean
13       Categorical imputation              mode
14     Maximum one-hot encoding                25
15              Encoding method              None
16               Fold Generator   StratifiedKFold
17                  Fold Number                10
18                     CPU Jobs                -1
19                      Use GPU             False
20               Log Experiment             False
21              Experiment Name  clf-default-name
22                          USI              2ef8
2026-07-15 18:51:18,568:INFO:Soft dependency imported: xgboost: 3.2.0
2026-07-15 18:51:18,569:INFO:Soft dependency imported: catboost: 1.2.10
2026-07-15 18:51:18,591:INFO:Soft dependency imported: xgboost: 3.2.0
2026-07-15 18:51:18,591:INFO:Soft dependency imported: catboost: 1.2.10
2026-07-15 18:51:18,591:INFO:setup() successfully completed in 19.99s...............
2026-07-15 18:51:18,591:INFO:Initializing compare_models()
2026-07-15 18:51:18,591:INFO:compare_models(self=<pycaret.classification.oop.ClassificationExperiment object at 0x000001710A1B8D00>, include=None, fold=None, round=4, cross_validation=True, sort=Accuracy, n_select=1, budget_time=None, turbo=True, errors=ignore, fit_kwargs=None, groups=None, experiment_custom_tags=None, probability_threshold=None, verbose=True, parallel=None, caller_params={'self': <pycaret.classification.oop.ClassificationExperiment object at 0x000001710A1B8D00>, 'include': None, 'exclude': None, 'fold': None, 'round': 4, 'cross_validation': True, 'sort': 'Accuracy', 'n_select': 1, 'budget_time': None, 'turbo': True, 'errors': 'ignore', 'fit_kwargs': None, 'groups': None, 'experiment_custom_tags': None, 'probability_threshold': None, 'engine': None, 'verbose': True, 'parallel': None, '__class__': <class 'pycaret.classification.oop.ClassificationExperiment'>}, exclude=None)
2026-07-15 18:51:18,591:INFO:Checking exceptions
2026-07-15 18:51:18,600:INFO:Preparing display monitor
2026-07-15 18:51:18,600:INFO:Initializing Logistic Regression
2026-07-15 18:51:18,600:INFO:Total runtime is 0.0 minutes
2026-07-15 18:51:18,600:INFO:SubProcess create_model() called ==================================
2026-07-15 18:51:18,600:INFO:Initializing create_model()
2026-07-15 18:51:18,600:INFO:create_model(self=<pycaret.classification.oop.ClassificationExperiment object at 0x000001710A1B8D00>, estimator=lr, fold=StratifiedKFold(n_splits=10, random_state=None, shuffle=False), round=4, cross_validation=True, predict=True, fit_kwargs={}, groups=None, refit=False, probability_threshold=None, experiment_custom_tags=None, verbose=False, system=False, add_to_model_list=True, metrics=None, display=<pycaret.internal.display.display.CommonDisplay object at 0x000001717F1EE6B0>, model_only=True, return_train_score=False, error_score=0.0, kwargs={})
2026-07-15 18:51:18,600:INFO:Checking exceptions
2026-07-15 18:51:18,600:INFO:Importing libraries
2026-07-15 18:51:18,600:INFO:Copying training dataset
2026-07-15 18:51:18,600:INFO:Defining folds
2026-07-15 18:51:18,600:INFO:Declaring metric variables
2026-07-15 18:51:18,600:INFO:Importing untrained model
2026-07-15 18:51:18,600:INFO:Logistic Regression Imported successfully
2026-07-15 18:51:18,600:INFO:Starting cross validation
2026-07-15 18:51:18,600:INFO:Cross validating with StratifiedKFold(n_splits=10, random_state=None, shuffle=False), n_jobs=-1
2026-07-15 18:51:23,998:WARNING:D:\test-conda\lib\site-packages\_distutils_hack\__init__.py:30: UserWarning: Setuptools is replacing distutils. Support for replacing an already imported distutils is deprecated. In the future, this condition will fail. Register concerns at https://github.com/pypa/setuptools/issues/new?template=distutils-deprecation.yml
  warnings.warn(

2026-07-15 18:51:24,000:WARNING:D:\test-conda\lib\site-packages\_distutils_hack\__init__.py:30: UserWarning: Setuptools is replacing distutils. Support for replacing an already imported distutils is deprecated. In the future, this condition will fail. Register concerns at https://github.com/pypa/setuptools/issues/new?template=distutils-deprecation.yml
  warnings.warn(

2026-07-15 18:51:24,000:WARNING:D:\test-conda\lib\site-packages\_distutils_hack\__init__.py:30: UserWarning: Setuptools is replacing distutils. Support for replacing an already imported distutils is deprecated. In the future, this condition will fail. Register concerns at https://github.com/pypa/setuptools/issues/new?template=distutils-deprecation.yml
  warnings.warn(

2026-07-15 18:51:24,000:WARNING:D:\test-conda\lib\site-packages\_distutils_hack\__init__.py:30: UserWarning: Setuptools is replacing distutils. Support for replacing an already imported distutils is deprecated. In the future, this condition will fail. Register concerns at https://github.com/pypa/setuptools/issues/new?template=distutils-deprecation.yml
  warnings.warn(

2026-07-15 18:51:24,002:WARNING:D:\test-conda\lib\site-packages\_distutils_hack\__init__.py:30: UserWarning: Setuptools is replacing distutils. Support for replacing an already imported distutils is deprecated. In the future, this condition will fail. Register concerns at https://github.com/pypa/setuptools/issues/new?template=distutils-deprecation.yml
  warnings.warn(

2026-07-15 18:51:24,015:WARNING:D:\test-conda\lib\site-packages\_distutils_hack\__init__.py:30: UserWarning: Setuptools is replacing distutils. Support for replacing an already imported distutils is deprecated. In the future, this condition will fail. Register concerns at https://github.com/pypa/setuptools/issues/new?template=distutils-deprecation.yml
  warnings.warn(

2026-07-15 18:51:24,019:WARNING:D:\test-conda\lib\site-packages\_distutils_hack\__init__.py:30: UserWarning: Setuptools is replacing distutils. Support for replacing an already imported distutils is deprecated. In the future, this condition will fail. Register concerns at https://github.com/pypa/setuptools/issues/new?template=distutils-deprecation.yml
  warnings.warn(

2026-07-15 18:51:24,019:WARNING:D:\test-conda\lib\site-packages\_distutils_hack\__init__.py:30: UserWarning: Setuptools is replacing distutils. Support for replacing an already imported distutils is deprecated. In the future, this condition will fail. Register concerns at https://github.com/pypa/setuptools/issues/new?template=distutils-deprecation.yml
  warnings.warn(

2026-07-15 18:51:24,023:WARNING:D:\test-conda\lib\site-packages\_distutils_hack\__init__.py:30: UserWarning: Setuptools is replacing distutils. Support for replacing an already imported distutils is deprecated. In the future, this condition will fail. Register concerns at https://github.com/pypa/setuptools/issues/new?template=distutils-deprecation.yml
  warnings.warn(

2026-07-15 18:51:24,625:WARNING:D:\test-conda\lib\site-packages\sklearn\linear_model\_logistic.py:469: ConvergenceWarning: lbfgs failed to converge (status=1):
STOP: TOTAL NO. of ITERATIONS REACHED LIMIT.

Increase the number of iterations (max_iter) or scale the data as shown in:
    https://scikit-learn.org/stable/modules/preprocessing.html
Please also refer to the documentation for alternative solver options:
    https://scikit-learn.org/stable/modules/linear_model.html#logistic-regression
  n_iter_i = _check_optimize_result(

2026-07-15 18:51:24,625:WARNING:D:\test-conda\lib\site-packages\sklearn\linear_model\_logistic.py:469: ConvergenceWarning: lbfgs failed to converge (status=1):
STOP: TOTAL NO. of ITERATIONS REACHED LIMIT.

Increase the number of iterations (max_iter) or scale the data as shown in:
    https://scikit-learn.org/stable/modules/preprocessing.html
Please also refer to the documentation for alternative solver options:
    https://scikit-learn.org/stable/modules/linear_model.html#logistic-regression
  n_iter_i = _check_optimize_result(

2026-07-15 18:51:24,625:WARNING:D:\test-conda\lib\site-packages\sklearn\linear_model\_logistic.py:469: ConvergenceWarning: lbfgs failed to converge (status=1):
STOP: TOTAL NO. of ITERATIONS REACHED LIMIT.

Increase the number of iterations (max_iter) or scale the data as shown in:
    https://scikit-learn.org/stable/modules/preprocessing.html
Please also refer to the documentation for alternative solver options:
    https://scikit-learn.org/stable/modules/linear_model.html#logistic-regression
  n_iter_i = _check_optimize_result(

2026-07-15 18:51:24,625:WARNING:D:\test-conda\lib\site-packages\sklearn\linear_model\_logistic.py:469: ConvergenceWarning: lbfgs failed to converge (status=1):
STOP: TOTAL NO. of ITERATIONS REACHED LIMIT.

Increase the number of iterations (max_iter) or scale the data as shown in:
    https://scikit-learn.org/stable/modules/preprocessing.html
Please also refer to the documentation for alternative solver options:
    https://scikit-learn.org/stable/modules/linear_model.html#logistic-regression
  n_iter_i = _check_optimize_result(

2026-07-15 18:51:24,627:WARNING:D:\test-conda\lib\site-packages\sklearn\linear_model\_logistic.py:469: ConvergenceWarning: lbfgs failed to converge (status=1):
STOP: TOTAL NO. of ITERATIONS REACHED LIMIT.

Increase the number of iterations (max_iter) or scale the data as shown in:
    https://scikit-learn.org/stable/modules/preprocessing.html
Please also refer to the documentation for alternative solver options:
    https://scikit-learn.org/stable/modules/linear_model.html#logistic-regression
  n_iter_i = _check_optimize_result(

2026-07-15 18:51:24,634:WARNING:D:\test-conda\lib\site-packages\sklearn\metrics\_classification.py:1561: UserWarning: Note that pos_label (set to 'MM') is ignored when average != 'binary' (got 'weighted'). You may use labels=[pos_label] to specify a single positive class.
  warnings.warn(

2026-07-15 18:51:24,634:WARNING:D:\test-conda\lib\site-packages\sklearn\metrics\_classification.py:1561: UserWarning: Note that pos_label (set to 'MM') is ignored when average != 'binary' (got 'weighted'). You may use labels=[pos_label] to specify a single positive class.
  warnings.warn(

2026-07-15 18:51:24,634:WARNING:D:\test-conda\lib\site-packages\sklearn\metrics\_classification.py:1561: UserWarning: Note that pos_label (set to 'MM') is ignored when average != 'binary' (got 'weighted'). You may use labels=[pos_label] to specify a single positive class.
  warnings.warn(

2026-07-15 18:51:24,634:WARNING:D:\test-conda\lib\site-packages\sklearn\metrics\_classification.py:1561: UserWarning: Note that pos_label (set to 'MM') is ignored when average != 'binary' (got 'weighted'). You may use labels=[pos_label] to specify a single positive class.
  warnings.warn(

2026-07-15 18:51:24,637:WARNING:D:\test-conda\lib\site-packages\sklearn\metrics\_classification.py:1561: UserWarning: Note that pos_label (set to 'MM') is ignored when average != 'binary' (got 'weighted'). You may use labels=[pos_label] to specify a single positive class.
  warnings.warn(

2026-07-15 18:51:24,637:WARNING:D:\test-conda\lib\site-packages\sklearn\linear_model\_logistic.py:469: ConvergenceWarning: lbfgs failed to converge (status=1):
STOP: TOTAL NO. of ITERATIONS REACHED LIMIT.

Increase the number of iterations (max_iter) or scale the data as shown in:
    https://scikit-learn.org/stable/modules/preprocessing.html
Please also refer to the documentation for alternative solver options:
    https://scikit-learn.org/stable/modules/linear_model.html#logistic-regression
  n_iter_i = _check_optimize_result(

2026-07-15 18:51:24,637:WARNING:D:\test-conda\lib\site-packages\sklearn\metrics\_classification.py:1561: UserWarning: Note that pos_label (set to 'MM') is ignored when average != 'binary' (got 'weighted'). You may use labels=[pos_label] to specify a single positive class.
  warnings.warn(

2026-07-15 18:51:24,637:WARNING:D:\test-conda\lib\site-packages\sklearn\metrics\_classification.py:1561: UserWarning: Note that pos_label (set to 'MM') is ignored when average != 'binary' (got 'weighted'). You may use labels=[pos_label] to specify a single positive class.
  warnings.warn(

2026-07-15 18:51:24,637:WARNING:D:\test-conda\lib\site-packages\sklearn\metrics\_classification.py:1561: UserWarning: Note that pos_label (set to 'MM') is ignored when average != 'binary' (got 'weighted'). You may use labels=[pos_label] to specify a single positive class.
  warnings.warn(

2026-07-15 18:51:24,637:WARNING:D:\test-conda\lib\site-packages\sklearn\metrics\_classification.py:1561: UserWarning: Note that pos_label (set to 'MM') is ignored when average != 'binary' (got 'weighted'). You may use labels=[pos_label] to specify a single positive class.
  warnings.warn(

2026-07-15 18:51:24,637:WARNING:D:\test-conda\lib\site-packages\sklearn\metrics\_classification.py:1561: UserWarning: Note that pos_label (set to 'MM') is ignored when average != 'binary' (got 'weighted'). You may use labels=[pos_label] to specify a single positive class.
  warnings.warn(

2026-07-15 18:51:24,637:WARNING:D:\test-conda\lib\site-packages\sklearn\metrics\_classification.py:1561: UserWarning: Note that pos_label (set to 'MM') is ignored when average != 'binary' (got 'weighted'). You may use labels=[pos_label] to specify a single positive class.
  warnings.warn(

2026-07-15 18:51:24,637:WARNING:D:\test-conda\lib\site-packages\sklearn\linear_model\_logistic.py:469: ConvergenceWarning: lbfgs failed to converge (status=1):
STOP: TOTAL NO. of ITERATIONS REACHED LIMIT.

Increase the number of iterations (max_iter) or scale the data as shown in:
    https://scikit-learn.org/stable/modules/preprocessing.html
Please also refer to the documentation for alternative solver options:
    https://scikit-learn.org/stable/modules/linear_model.html#logistic-regression
  n_iter_i = _check_optimize_result(

2026-07-15 18:51:24,637:WARNING:D:\test-conda\lib\site-packages\sklearn\metrics\_classification.py:1561: UserWarning: Note that pos_label (set to 'MM') is ignored when average != 'binary' (got 'weighted'). You may use labels=[pos_label] to specify a single positive class.
  warnings.warn(

2026-07-15 18:51:24,637:WARNING:D:\test-conda\lib\site-packages\sklearn\metrics\_classification.py:1561: UserWarning: Note that pos_label (set to 'MM') is ignored when average != 'binary' (got 'weighted'). You may use labels=[pos_label] to specify a single positive class.
  warnings.warn(

2026-07-15 18:51:24,637:WARNING:D:\test-conda\lib\site-packages\sklearn\metrics\_classification.py:1561: UserWarning: Note that pos_label (set to 'MM') is ignored when average != 'binary' (got 'weighted'). You may use labels=[pos_label] to specify a single positive class.
  warnings.warn(

2026-07-15 18:51:24,637:WARNING:D:\test-conda\lib\site-packages\sklearn\metrics\_classification.py:1561: UserWarning: Note that pos_label (set to 'MM') is ignored when average != 'binary' (got 'weighted'). You may use labels=[pos_label] to specify a single positive class.
  warnings.warn(

2026-07-15 18:51:24,637:WARNING:D:\test-conda\lib\site-packages\sklearn\metrics\_classification.py:1561: UserWarning: Note that pos_label (set to 'MM') is ignored when average != 'binary' (got 'weighted'). You may use labels=[pos_label] to specify a single positive class.
  warnings.warn(

2026-07-15 18:51:24,637:WARNING:D:\test-conda\lib\site-packages\sklearn\metrics\_classification.py:1561: UserWarning: Note that pos_label (set to 'MM') is ignored when average != 'binary' (got 'weighted'). You may use labels=[pos_label] to specify a single positive class.
  warnings.warn(

2026-07-15 18:51:24,637:WARNING:D:\test-conda\lib\site-packages\sklearn\metrics\_classification.py:1561: UserWarning: Note that pos_label (set to 'MM') is ignored when average != 'binary' (got 'weighted'). You may use labels=[pos_label] to specify a single positive class.
  warnings.warn(

2026-07-15 18:51:24,642:WARNING:D:\test-conda\lib\site-packages\sklearn\linear_model\_logistic.py:469: ConvergenceWarning: lbfgs failed to converge (status=1):
STOP: TOTAL NO. of ITERATIONS REACHED LIMIT.

Increase the number of iterations (max_iter) or scale the data as shown in:
    https://scikit-learn.org/stable/modules/preprocessing.html
Please also refer to the documentation for alternative solver options:
    https://scikit-learn.org/stable/modules/linear_model.html#logistic-regression
  n_iter_i = _check_optimize_result(

2026-07-15 18:51:24,646:WARNING:D:\test-conda\lib\site-packages\sklearn\metrics\_classification.py:1561: UserWarning: Note that pos_label (set to 'MM') is ignored when average != 'binary' (got 'weighted'). You may use labels=[pos_label] to specify a single positive class.
  warnings.warn(

2026-07-15 18:51:24,648:WARNING:D:\test-conda\lib\site-packages\sklearn\linear_model\_logistic.py:469: ConvergenceWarning: lbfgs failed to converge (status=1):
STOP: TOTAL NO. of ITERATIONS REACHED LIMIT.

Increase the number of iterations (max_iter) or scale the data as shown in:
    https://scikit-learn.org/stable/modules/preprocessing.html
Please also refer to the documentation for alternative solver options:
    https://scikit-learn.org/stable/modules/linear_model.html#logistic-regression
  n_iter_i = _check_optimize_result(

2026-07-15 18:51:24,648:WARNING:D:\test-conda\lib\site-packages\sklearn\metrics\_classification.py:1561: UserWarning: Note that pos_label (set to 'MM') is ignored when average != 'binary' (got 'weighted'). You may use labels=[pos_label] to specify a single positive class.
  warnings.warn(

2026-07-15 18:51:24,650:WARNING:D:\test-conda\lib\site-packages\sklearn\metrics\_classification.py:1561: UserWarning: Note that pos_label (set to 'MM') is ignored when average != 'binary' (got 'weighted'). You may use labels=[pos_label] to specify a single positive class.
  warnings.warn(

2026-07-15 18:51:24,650:WARNING:D:\test-conda\lib\site-packages\sklearn\metrics\_classification.py:1561: UserWarning: Note that pos_label (set to 'MM') is ignored when average != 'binary' (got 'weighted'). You may use labels=[pos_label] to specify a single positive class.
  warnings.warn(

2026-07-15 18:51:24,650:WARNING:D:\test-conda\lib\site-packages\sklearn\metrics\_classification.py:1561: UserWarning: Note that pos_label (set to 'MM') is ignored when average != 'binary' (got 'weighted'). You may use labels=[pos_label] to specify a single positive class.
  warnings.warn(

2026-07-15 18:51:24,652:WARNING:D:\test-conda\lib\site-packages\sklearn\metrics\_classification.py:1561: UserWarning: Note that pos_label (set to 'MM') is ignored when average != 'binary' (got 'weighted'). You may use labels=[pos_label] to specify a single positive class.
  warnings.warn(

2026-07-15 18:51:24,655:WARNING:D:\test-conda\lib\site-packages\sklearn\metrics\_classification.py:1561: UserWarning: Note that pos_label (set to 'MM') is ignored when average != 'binary' (got 'weighted'). You may use labels=[pos_label] to specify a single positive class.
  warnings.warn(

2026-07-15 18:51:24,655:WARNING:D:\test-conda\lib\site-packages\sklearn\metrics\_classification.py:1561: UserWarning: Note that pos_label (set to 'MM') is ignored when average != 'binary' (got 'weighted'). You may use labels=[pos_label] to specify a single positive class.
  warnings.warn(

2026-07-15 18:51:24,659:WARNING:D:\test-conda\lib\site-packages\sklearn\metrics\_classification.py:1561: UserWarning: Note that pos_label (set to 'MM') is ignored when average != 'binary' (got 'weighted'). You may use labels=[pos_label] to specify a single positive class.
  warnings.warn(

2026-07-15 18:51:24,661:WARNING:D:\test-conda\lib\site-packages\sklearn\metrics\_classification.py:1561: UserWarning: Note that pos_label (set to 'MM') is ignored when average != 'binary' (got 'weighted'). You may use labels=[pos_label] to specify a single positive class.
  warnings.warn(

2026-07-15 18:51:24,663:WARNING:D:\test-conda\lib\site-packages\sklearn\metrics\_classification.py:1561: UserWarning: Note that pos_label (set to 'MM') is ignored when average != 'binary' (got 'weighted'). You may use labels=[pos_label] to specify a single positive class.
  warnings.warn(

2026-07-15 18:51:24,663:WARNING:D:\test-conda\lib\site-packages\sklearn\metrics\_classification.py:1561: UserWarning: Note that pos_label (set to 'MM') is ignored when average != 'binary' (got 'weighted'). You may use labels=[pos_label] to specify a single positive class.
  warnings.warn(

2026-07-15 18:51:24,681:INFO:Calculating mean and std
2026-07-15 18:51:24,681:INFO:Creating metrics dataframe
2026-07-15 18:51:24,683:INFO:Uploading results into container
2026-07-15 18:51:24,683:INFO:Uploading model into container now
2026-07-15 18:51:24,685:INFO:_master_model_container: 1
2026-07-15 18:51:24,685:INFO:_display_container: 2
2026-07-15 18:51:24,685:INFO:LogisticRegression(C=1.0, class_weight=None, dual=False, fit_intercept=True,
                   intercept_scaling=1, l1_ratio=None, max_iter=1000,
                   multi_class='auto', n_jobs=None, penalty='l2',
                   random_state=8095, solver='lbfgs', tol=0.0001, verbose=0,
                   warm_start=False)
2026-07-15 18:51:24,685:INFO:create_model() successfully completed......................................
2026-07-15 18:51:24,806:INFO:SubProcess create_model() end ==================================
2026-07-15 18:51:24,806:INFO:Creating metrics dataframe
2026-07-15 18:51:24,806:INFO:Initializing K Neighbors Classifier
2026-07-15 18:51:24,806:INFO:Total runtime is 0.10342817306518555 minutes
2026-07-15 18:51:24,806:INFO:SubProcess create_model() called ==================================
2026-07-15 18:51:24,806:INFO:Initializing create_model()
2026-07-15 18:51:24,806:INFO:create_model(self=<pycaret.classification.oop.ClassificationExperiment object at 0x000001710A1B8D00>, estimator=knn, fold=StratifiedKFold(n_splits=10, random_state=None, shuffle=False), round=4, cross_validation=True, predict=True, fit_kwargs={}, groups=None, refit=False, probability_threshold=None, experiment_custom_tags=None, verbose=False, system=False, add_to_model_list=True, metrics=None, display=<pycaret.internal.display.display.CommonDisplay object at 0x000001717F1EE6B0>, model_only=True, return_train_score=False, error_score=0.0, kwargs={})
2026-07-15 18:51:24,806:INFO:Checking exceptions
2026-07-15 18:51:24,806:INFO:Importing libraries
2026-07-15 18:51:24,806:INFO:Copying training dataset
2026-07-15 18:51:24,806:INFO:Defining folds
2026-07-15 18:51:24,806:INFO:Declaring metric variables
2026-07-15 18:51:24,806:INFO:Importing untrained model
2026-07-15 18:51:24,806:INFO:K Neighbors Classifier Imported successfully
2026-07-15 18:51:24,806:INFO:Starting cross validation
2026-07-15 18:51:24,806:INFO:Cross validating with StratifiedKFold(n_splits=10, random_state=None, shuffle=False), n_jobs=-1
2026-07-15 18:51:26,384:WARNING:D:\test-conda\lib\site-packages\_distutils_hack\__init__.py:30: UserWarning: Setuptools is replacing distutils. Support for replacing an already imported distutils is deprecated. In the future, this condition will fail. Register concerns at https://github.com/pypa/setuptools/issues/new?template=distutils-deprecation.yml
  warnings.warn(

2026-07-15 18:51:26,384:WARNING:D:\test-conda\lib\site-packages\_distutils_hack\__init__.py:30: UserWarning: Setuptools is replacing distutils. Support for replacing an already imported distutils is deprecated. In the future, this condition will fail. Register concerns at https://github.com/pypa/setuptools/issues/new?template=distutils-deprecation.yml
  warnings.warn(

2026-07-15 18:51:26,384:WARNING:D:\test-conda\lib\site-packages\_distutils_hack\__init__.py:30: UserWarning: Setuptools is replacing distutils. Support for replacing an already imported distutils is deprecated. In the future, this condition will fail. Register concerns at https://github.com/pypa/setuptools/issues/new?template=distutils-deprecation.yml
  warnings.warn(

2026-07-15 18:51:26,384:WARNING:D:\test-conda\lib\site-packages\_distutils_hack\__init__.py:30: UserWarning: Setuptools is replacing distutils. Support for replacing an already imported distutils is deprecated. In the future, this condition will fail. Register concerns at https://github.com/pypa/setuptools/issues/new?template=distutils-deprecation.yml
  warnings.warn(

2026-07-15 18:51:26,389:WARNING:D:\test-conda\lib\site-packages\_distutils_hack\__init__.py:30: UserWarning: Setuptools is replacing distutils. Support for replacing an already imported distutils is deprecated. In the future, this condition will fail. Register concerns at https://github.com/pypa/setuptools/issues/new?template=distutils-deprecation.yml
  warnings.warn(

2026-07-15 18:51:26,397:WARNING:D:\test-conda\lib\site-packages\_distutils_hack\__init__.py:30: UserWarning: Setuptools is replacing distutils. Support for replacing an already imported distutils is deprecated. In the future, this condition will fail. Register concerns at https://github.com/pypa/setuptools/issues/new?template=distutils-deprecation.yml
  warnings.warn(

2026-07-15 18:51:26,397:WARNING:D:\test-conda\lib\site-packages\_distutils_hack\__init__.py:30: UserWarning: Setuptools is replacing distutils. Support for replacing an already imported distutils is deprecated. In the future, this condition will fail. Register concerns at https://github.com/pypa/setuptools/issues/new?template=distutils-deprecation.yml
  warnings.warn(

2026-07-15 18:51:26,404:WARNING:D:\test-conda\lib\site-packages\_distutils_hack\__init__.py:30: UserWarning: Setuptools is replacing distutils. Support for replacing an already imported distutils is deprecated. In the future, this condition will fail. Register concerns at https://github.com/pypa/setuptools/issues/new?template=distutils-deprecation.yml
  warnings.warn(

2026-07-15 18:51:26,404:WARNING:D:\test-conda\lib\site-packages\_distutils_hack\__init__.py:30: UserWarning: Setuptools is replacing distutils. Support for replacing an already imported distutils is deprecated. In the future, this condition will fail. Register concerns at https://github.com/pypa/setuptools/issues/new?template=distutils-deprecation.yml
  warnings.warn(

2026-07-15 18:51:26,426:WARNING:D:\test-conda\lib\site-packages\_distutils_hack\__init__.py:30: UserWarning: Setuptools is replacing distutils. Support for replacing an already imported distutils is deprecated. In the future, this condition will fail. Register concerns at https://github.com/pypa/setuptools/issues/new?template=distutils-deprecation.yml
  warnings.warn(

2026-07-15 18:51:26,984:WARNING:D:\test-conda\lib\site-packages\sklearn\metrics\_classification.py:1561: UserWarning: Note that pos_label (set to 'MM') is ignored when average != 'binary' (got 'weighted'). You may use labels=[pos_label] to specify a single positive class.
  warnings.warn(

2026-07-15 18:51:26,984:WARNING:D:\test-conda\lib\site-packages\sklearn\metrics\_classification.py:1561: UserWarning: Note that pos_label (set to 'MM') is ignored when average != 'binary' (got 'weighted'). You may use labels=[pos_label] to specify a single positive class.
  warnings.warn(

2026-07-15 18:51:26,984:WARNING:D:\test-conda\lib\site-packages\sklearn\metrics\_classification.py:1561: UserWarning: Note that pos_label (set to 'MM') is ignored when average != 'binary' (got 'weighted'). You may use labels=[pos_label] to specify a single positive class.
  warnings.warn(

2026-07-15 18:51:26,984:WARNING:D:\test-conda\lib\site-packages\sklearn\metrics\_classification.py:1561: UserWarning: Note that pos_label (set to 'MM') is ignored when average != 'binary' (got 'weighted'). You may use labels=[pos_label] to specify a single positive class.
  warnings.warn(

2026-07-15 18:51:26,984:WARNING:D:\test-conda\lib\site-packages\sklearn\metrics\_classification.py:1561: UserWarning: Note that pos_label (set to 'MM') is ignored when average != 'binary' (got 'weighted'). You may use labels=[pos_label] to specify a single positive class.
  warnings.warn(

2026-07-15 18:51:26,986:WARNING:D:\test-conda\lib\site-packages\sklearn\metrics\_classification.py:1561: UserWarning: Note that pos_label (set to 'MM') is ignored when average != 'binary' (got 'weighted'). You may use labels=[pos_label] to specify a single positive class.
  warnings.warn(

2026-07-15 18:51:26,986:WARNING:D:\test-conda\lib\site-packages\sklearn\metrics\_classification.py:1561: UserWarning: Note that pos_label (set to 'MM') is ignored when average != 'binary' (got 'weighted'). You may use labels=[pos_label] to specify a single positive class.
  warnings.warn(

2026-07-15 18:51:26,986:WARNING:D:\test-conda\lib\site-packages\sklearn\metrics\_classification.py:1561: UserWarning: Note that pos_label (set to 'MM') is ignored when average != 'binary' (got 'weighted'). You may use labels=[pos_label] to specify a single positive class.
  warnings.warn(

2026-07-15 18:51:26,990:WARNING:D:\test-conda\lib\site-packages\sklearn\metrics\_classification.py:1561: UserWarning: Note that pos_label (set to 'MM') is ignored when average != 'binary' (got 'weighted'). You may use labels=[pos_label] to specify a single positive class.
  warnings.warn(

2026-07-15 18:51:26,990:WARNING:D:\test-conda\lib\site-packages\sklearn\metrics\_classification.py:1561: UserWarning: Note that pos_label (set to 'MM') is ignored when average != 'binary' (got 'weighted'). You may use labels=[pos_label] to specify a single positive class.
  warnings.warn(

2026-07-15 18:51:26,990:WARNING:D:\test-conda\lib\site-packages\sklearn\metrics\_classification.py:1561: UserWarning: Note that pos_label (set to 'MM') is ignored when average != 'binary' (got 'weighted'). You may use labels=[pos_label] to specify a single positive class.
  warnings.warn(

2026-07-15 18:51:26,990:WARNING:D:\test-conda\lib\site-packages\sklearn\metrics\_classification.py:1561: UserWarning: Note that pos_label (set to 'MM') is ignored when average != 'binary' (got 'weighted'). You may use labels=[pos_label] to specify a single positive class.
  warnings.warn(

2026-07-15 18:51:26,990:WARNING:D:\test-conda\lib\site-packages\sklearn\metrics\_classification.py:1561: UserWarning: Note that pos_label (set to 'MM') is ignored when average != 'binary' (got 'weighted'). You may use labels=[pos_label] to specify a single positive class.
  warnings.warn(

2026-07-15 18:51:26,994:WARNING:D:\test-conda\lib\site-packages\sklearn\metrics\_classification.py:1561: UserWarning: Note that pos_label (set to 'MM') is ignored when average != 'binary' (got 'weighted'). You may use labels=[pos_label] to specify a single positive class.
  warnings.warn(

2026-07-15 18:51:26,994:WARNING:D:\test-conda\lib\site-packages\sklearn\metrics\_classification.py:1561: UserWarning: Note that pos_label (set to 'MM') is ignored when average != 'binary' (got 'weighted'). You may use labels=[pos_label] to specify a single positive class.
  warnings.warn(

2026-07-15 18:51:26,994:WARNING:D:\test-conda\lib\site-packages\sklearn\metrics\_classification.py:1561: UserWarning: Note that pos_label (set to 'MM') is ignored when average != 'binary' (got 'weighted'). You may use labels=[pos_label] to specify a single positive class.
  warnings.warn(

2026-07-15 18:51:26,994:WARNING:D:\test-conda\lib\site-packages\sklearn\metrics\_classification.py:1561: UserWarning: Note that pos_label (set to 'MM') is ignored when average != 'binary' (got 'weighted'). You may use labels=[pos_label] to specify a single positive class.
  warnings.warn(

2026-07-15 18:51:26,994:WARNING:D:\test-conda\lib\site-packages\sklearn\metrics\_classification.py:1561: UserWarning: Note that pos_label (set to 'MM') is ignored when average != 'binary' (got 'weighted'). You may use labels=[pos_label] to specify a single positive class.
  warnings.warn(

2026-07-15 18:51:26,994:WARNING:D:\test-conda\lib\site-packages\sklearn\metrics\_classification.py:1561: UserWarning: Note that pos_label (set to 'MM') is ignored when average != 'binary' (got 'weighted'). You may use labels=[pos_label] to specify a single positive class.
  warnings.warn(

2026-07-15 18:51:26,994:WARNING:D:\test-conda\lib\site-packages\sklearn\metrics\_classification.py:1561: UserWarning: Note that pos_label (set to 'MM') is ignored when average != 'binary' (got 'weighted'). You may use labels=[pos_label] to specify a single positive class.
  warnings.warn(

2026-07-15 18:51:26,994:WARNING:D:\test-conda\lib\site-packages\sklearn\metrics\_classification.py:1561: UserWarning: Note that pos_label (set to 'MM') is ignored when average != 'binary' (got 'weighted'). You may use labels=[pos_label] to specify a single positive class.
  warnings.warn(

2026-07-15 18:51:26,997:WARNING:D:\test-conda\lib\site-packages\sklearn\metrics\_classification.py:1561: UserWarning: Note that pos_label (set to 'MM') is ignored when average != 'binary' (got 'weighted'). You may use labels=[pos_label] to specify a single positive class.
  warnings.warn(

2026-07-15 18:51:26,997:WARNING:D:\test-conda\lib\site-packages\sklearn\metrics\_classification.py:1561: UserWarning: Note that pos_label (set to 'MM') is ignored when average != 'binary' (got 'weighted'). You may use labels=[pos_label] to specify a single positive class.
  warnings.warn(

2026-07-15 18:51:26,997:WARNING:D:\test-conda\lib\site-packages\sklearn\metrics\_classification.py:1561: UserWarning: Note that pos_label (set to 'MM') is ignored when average != 'binary' (got 'weighted'). You may use labels=[pos_label] to specify a single positive class.
  warnings.warn(

2026-07-15 18:51:26,999:WARNING:D:\test-conda\lib\site-packages\sklearn\metrics\_classification.py:1561: UserWarning: Note that pos_label (set to 'MM') is ignored when average != 'binary' (got 'weighted'). You may use labels=[pos_label] to specify a single positive class.
  warnings.warn(

2026-07-15 18:51:27,017:WARNING:D:\test-conda\lib\site-packages\sklearn\metrics\_classification.py:1561: UserWarning: Note that pos_label (set to 'MM') is ignored when average != 'binary' (got 'weighted'). You may use labels=[pos_label] to specify a single positive class.
  warnings.warn(

2026-07-15 18:51:27,019:WARNING:D:\test-conda\lib\site-packages\sklearn\metrics\_classification.py:1561: UserWarning: Note that pos_label (set to 'MM') is ignored when average != 'binary' (got 'weighted'). You may use labels=[pos_label] to specify a single positive class.
  warnings.warn(

2026-07-15 18:51:27,019:WARNING:D:\test-conda\lib\site-packages\sklearn\metrics\_classification.py:1561: UserWarning: Note that pos_label (set to 'MM') is ignored when average != 'binary' (got 'weighted'). You may use labels=[pos_label] to specify a single positive class.
  warnings.warn(

2026-07-15 18:51:27,025:INFO:Calculating mean and std
2026-07-15 18:51:27,026:INFO:Creating metrics dataframe
2026-07-15 18:51:27,028:INFO:Uploading results into container
2026-07-15 18:51:27,028:INFO:Uploading model into container now
2026-07-15 18:51:27,029:INFO:_master_model_container: 2
2026-07-15 18:51:27,029:INFO:_display_container: 2
2026-07-15 18:51:27,029:INFO:KNeighborsClassifier(algorithm='auto', leaf_size=30, metric='minkowski',
                     metric_params=None, n_jobs=-1, n_neighbors=5, p=2,
                     weights='uniform')
2026-07-15 18:51:27,029:INFO:create_model() successfully completed......................................
2026-07-15 18:51:27,148:INFO:SubProcess create_model() end ==================================
2026-07-15 18:51:27,149:INFO:Creating metrics dataframe
2026-07-15 18:51:27,149:INFO:Initializing Naive Bayes
2026-07-15 18:51:27,149:INFO:Total runtime is 0.14248306353886922 minutes
2026-07-15 18:51:27,149:INFO:SubProcess create_model() called ==================================
2026-07-15 18:51:27,149:INFO:Initializing create_model()
2026-07-15 18:51:27,149:INFO:create_model(self=<pycaret.classification.oop.ClassificationExperiment object at 0x000001710A1B8D00>, estimator=nb, fold=StratifiedKFold(n_splits=10, random_state=None, shuffle=False), round=4, cross_validation=True, predict=True, fit_kwargs={}, groups=None, refit=False, probability_threshold=None, experiment_custom_tags=None, verbose=False, system=False, add_to_model_list=True, metrics=None, display=<pycaret.internal.display.display.CommonDisplay object at 0x000001717F1EE6B0>, model_only=True, return_train_score=False, error_score=0.0, kwargs={})
2026-07-15 18:51:27,149:INFO:Checking exceptions
2026-07-15 18:51:27,149:INFO:Importing libraries
2026-07-15 18:51:27,149:INFO:Copying training dataset
2026-07-15 18:51:27,149:INFO:Defining folds
2026-07-15 18:51:27,149:INFO:Declaring metric variables
2026-07-15 18:51:27,149:INFO:Importing untrained model
2026-07-15 18:51:27,149:INFO:Naive Bayes Imported successfully
2026-07-15 18:51:27,149:INFO:Starting cross validation
2026-07-15 18:51:27,149:INFO:Cross validating with StratifiedKFold(n_splits=10, random_state=None, shuffle=False), n_jobs=-1
2026-07-15 18:51:27,189:WARNING:D:\test-conda\lib\site-packages\sklearn\metrics\_classification.py:1561: UserWarning: Note that pos_label (set to 'MM') is ignored when average != 'binary' (got 'weighted'). You may use labels=[pos_label] to specify a single positive class.
  warnings.warn(

2026-07-15 18:51:27,191:WARNING:D:\test-conda\lib\site-packages\sklearn\metrics\_classification.py:1561: UserWarning: Note that pos_label (set to 'MM') is ignored when average != 'binary' (got 'weighted'). You may use labels=[pos_label] to specify a single positive class.
  warnings.warn(

2026-07-15 18:51:27,191:WARNING:D:\test-conda\lib\site-packages\sklearn\metrics\_classification.py:1561: UserWarning: Note that pos_label (set to 'MM') is ignored when average != 'binary' (got 'weighted'). You may use labels=[pos_label] to specify a single positive class.
  warnings.warn(

2026-07-15 18:51:27,191:WARNING:D:\test-conda\lib\site-packages\sklearn\metrics\_classification.py:1561: UserWarning: Note that pos_label (set to 'MM') is ignored when average != 'binary' (got 'weighted'). You may use labels=[pos_label] to specify a single positive class.
  warnings.warn(

2026-07-15 18:51:27,193:WARNING:D:\test-conda\lib\site-packages\sklearn\metrics\_classification.py:1561: UserWarning: Note that pos_label (set to 'MM') is ignored when average != 'binary' (got 'weighted'). You may use labels=[pos_label] to specify a single positive class.
  warnings.warn(

2026-07-15 18:51:27,193:WARNING:D:\test-conda\lib\site-packages\sklearn\metrics\_classification.py:1561: UserWarning: Note that pos_label (set to 'MM') is ignored when average != 'binary' (got 'weighted'). You may use labels=[pos_label] to specify a single positive class.
  warnings.warn(

2026-07-15 18:51:27,193:WARNING:D:\test-conda\lib\site-packages\sklearn\metrics\_classification.py:1561: UserWarning: Note that pos_label (set to 'MM') is ignored when average != 'binary' (got 'weighted'). You may use labels=[pos_label] to specify a single positive class.
  warnings.warn(

2026-07-15 18:51:27,193:WARNING:D:\test-conda\lib\site-packages\sklearn\metrics\_classification.py:1561: UserWarning: Note that pos_label (set to 'MM') is ignored when average != 'binary' (got 'weighted'). You may use labels=[pos_label] to specify a single positive class.
  warnings.warn(

2026-07-15 18:51:27,193:WARNING:D:\test-conda\lib\site-packages\sklearn\metrics\_classification.py:1561: UserWarning: Note that pos_label (set to 'MM') is ignored when average != 'binary' (got 'weighted'). You may use labels=[pos_label] to specify a single positive class.
  warnings.warn(

2026-07-15 18:51:27,193:WARNING:D:\test-conda\lib\site-packages\sklearn\metrics\_classification.py:1561: UserWarning: Note that pos_label (set to 'MM') is ignored when average != 'binary' (got 'weighted'). You may use labels=[pos_label] to specify a single positive class.
  warnings.warn(

2026-07-15 18:51:27,195:WARNING:D:\test-conda\lib\site-packages\sklearn\metrics\_classification.py:1561: UserWarning: Note that pos_label (set to 'MM') is ignored when average != 'binary' (got 'weighted'). You may use labels=[pos_label] to specify a single positive class.
  warnings.warn(

2026-07-15 18:51:27,195:WARNING:D:\test-conda\lib\site-packages\sklearn\metrics\_classification.py:1561: UserWarning: Note that pos_label (set to 'MM') is ignored when average != 'binary' (got 'weighted'). You may use labels=[pos_label] to specify a single positive class.
  warnings.warn(

2026-07-15 18:51:27,199:WARNING:D:\test-conda\lib\site-packages\sklearn\metrics\_classification.py:1561: UserWarning: Note that pos_label (set to 'MM') is ignored when average != 'binary' (got 'weighted'). You may use labels=[pos_label] to specify a single positive class.
  warnings.warn(

2026-07-15 18:51:27,199:WARNING:D:\test-conda\lib\site-packages\sklearn\metrics\_classification.py:1561: UserWarning: Note that pos_label (set to 'MM') is ignored when average != 'binary' (got 'weighted'). You may use labels=[pos_label] to specify a single positive class.
  warnings.warn(

2026-07-15 18:51:27,201:WARNING:D:\test-conda\lib\site-packages\sklearn\metrics\_classification.py:1561: UserWarning: Note that pos_label (set to 'MM') is ignored when average != 'binary' (got 'weighted'). You may use labels=[pos_label] to specify a single positive class.
  warnings.warn(

2026-07-15 18:51:27,201:WARNING:D:\test-conda\lib\site-packages\sklearn\metrics\_classification.py:1561: UserWarning: Note that pos_label (set to 'MM') is ignored when average != 'binary' (got 'weighted'). You may use labels=[pos_label] to specify a single positive class.
  warnings.warn(

2026-07-15 18:51:27,201:WARNING:D:\test-conda\lib\site-packages\sklearn\metrics\_classification.py:1561: UserWarning: Note that pos_label (set to 'MM') is ignored when average != 'binary' (got 'weighted'). You may use labels=[pos_label] to specify a single positive class.
  warnings.warn(

2026-07-15 18:51:27,201:WARNING:D:\test-conda\lib\site-packages\sklearn\metrics\_classification.py:1561: UserWarning: Note that pos_label (set to 'MM') is ignored when average != 'binary' (got 'weighted'). You may use labels=[pos_label] to specify a single positive class.
  warnings.warn(

2026-07-15 18:51:28,555:WARNING:D:\test-conda\lib\site-packages\_distutils_hack\__init__.py:30: UserWarning: Setuptools is replacing distutils. Support for replacing an already imported distutils is deprecated. In the future, this condition will fail. Register concerns at https://github.com/pypa/setuptools/issues/new?template=distutils-deprecation.yml
  warnings.warn(

2026-07-15 18:51:28,558:WARNING:D:\test-conda\lib\site-packages\_distutils_hack\__init__.py:30: UserWarning: Setuptools is replacing distutils. Support for replacing an already imported distutils is deprecated. In the future, this condition will fail. Register concerns at https://github.com/pypa/setuptools/issues/new?template=distutils-deprecation.yml
  warnings.warn(

2026-07-15 18:51:28,559:WARNING:D:\test-conda\lib\site-packages\_distutils_hack\__init__.py:30: UserWarning: Setuptools is replacing distutils. Support for replacing an already imported distutils is deprecated. In the future, this condition will fail. Register concerns at https://github.com/pypa/setuptools/issues/new?template=distutils-deprecation.yml
  warnings.warn(

2026-07-15 18:51:28,559:WARNING:D:\test-conda\lib\site-packages\_distutils_hack\__init__.py:30: UserWarning: Setuptools is replacing distutils. Support for replacing an already imported distutils is deprecated. In the future, this condition will fail. Register concerns at https://github.com/pypa/setuptools/issues/new?template=distutils-deprecation.yml
  warnings.warn(

2026-07-15 18:51:29,070:WARNING:D:\test-conda\lib\site-packages\sklearn\metrics\_classification.py:1561: UserWarning: Note that pos_label (set to 'MM') is ignored when average != 'binary' (got 'weighted'). You may use labels=[pos_label] to specify a single positive class.
  warnings.warn(

2026-07-15 18:51:29,072:WARNING:D:\test-conda\lib\site-packages\sklearn\metrics\_classification.py:1561: UserWarning: Note that pos_label (set to 'MM') is ignored when average != 'binary' (got 'weighted'). You may use labels=[pos_label] to specify a single positive class.
  warnings.warn(

2026-07-15 18:51:29,072:WARNING:D:\test-conda\lib\site-packages\sklearn\metrics\_classification.py:1561: UserWarning: Note that pos_label (set to 'MM') is ignored when average != 'binary' (got 'weighted'). You may use labels=[pos_label] to specify a single positive class.
  warnings.warn(

2026-07-15 18:51:29,072:WARNING:D:\test-conda\lib\site-packages\sklearn\metrics\_classification.py:1561: UserWarning: Note that pos_label (set to 'MM') is ignored when average != 'binary' (got 'weighted'). You may use labels=[pos_label] to specify a single positive class.
  warnings.warn(

2026-07-15 18:51:29,073:WARNING:D:\test-conda\lib\site-packages\sklearn\metrics\_classification.py:1561: UserWarning: Note that pos_label (set to 'MM') is ignored when average != 'binary' (got 'weighted'). You may use labels=[pos_label] to specify a single positive class.
  warnings.warn(

2026-07-15 18:51:29,073:WARNING:D:\test-conda\lib\site-packages\sklearn\metrics\_classification.py:1561: UserWarning: Note that pos_label (set to 'MM') is ignored when average != 'binary' (got 'weighted'). You may use labels=[pos_label] to specify a single positive class.
  warnings.warn(

2026-07-15 18:51:29,073:WARNING:D:\test-conda\lib\site-packages\sklearn\metrics\_classification.py:1561: UserWarning: Note that pos_label (set to 'MM') is ignored when average != 'binary' (got 'weighted'). You may use labels=[pos_label] to specify a single positive class.
  warnings.warn(

2026-07-15 18:51:29,073:WARNING:D:\test-conda\lib\site-packages\sklearn\metrics\_classification.py:1561: UserWarning: Note that pos_label (set to 'MM') is ignored when average != 'binary' (got 'weighted'). You may use labels=[pos_label] to specify a single positive class.
  warnings.warn(

2026-07-15 18:51:29,073:WARNING:D:\test-conda\lib\site-packages\sklearn\metrics\_classification.py:1561: UserWarning: Note that pos_label (set to 'MM') is ignored when average != 'binary' (got 'weighted'). You may use labels=[pos_label] to specify a single positive class.
  warnings.warn(

2026-07-15 18:51:29,073:WARNING:D:\test-conda\lib\site-packages\sklearn\metrics\_classification.py:1561: UserWarning: Note that pos_label (set to 'MM') is ignored when average != 'binary' (got 'weighted'). You may use labels=[pos_label] to specify a single positive class.
  warnings.warn(

2026-07-15 18:51:29,075:WARNING:D:\test-conda\lib\site-packages\sklearn\metrics\_classification.py:1561: UserWarning: Note that pos_label (set to 'MM') is ignored when average != 'binary' (got 'weighted'). You may use labels=[pos_label] to specify a single positive class.
  warnings.warn(

2026-07-15 18:51:29,075:WARNING:D:\test-conda\lib\site-packages\sklearn\metrics\_classification.py:1561: UserWarning: Note that pos_label (set to 'MM') is ignored when average != 'binary' (got 'weighted'). You may use labels=[pos_label] to specify a single positive class.
  warnings.warn(

2026-07-15 18:51:29,089:INFO:Calculating mean and std
2026-07-15 18:51:29,089:INFO:Creating metrics dataframe
2026-07-15 18:51:29,089:INFO:Uploading results into container
2026-07-15 18:51:29,089:INFO:Uploading model into container now
2026-07-15 18:51:29,089:INFO:_master_model_container: 3
2026-07-15 18:51:29,089:INFO:_display_container: 2
2026-07-15 18:51:29,089:INFO:GaussianNB(priors=None, var_smoothing=1e-09)
2026-07-15 18:51:29,089:INFO:create_model() successfully completed......................................
2026-07-15 18:51:29,197:INFO:SubProcess create_model() end ==================================
2026-07-15 18:51:29,197:INFO:Creating metrics dataframe
2026-07-15 18:51:29,197:INFO:Initializing Decision Tree Classifier
2026-07-15 18:51:29,197:INFO:Total runtime is 0.17661631107330322 minutes
2026-07-15 18:51:29,197:INFO:SubProcess create_model() called ==================================
2026-07-15 18:51:29,197:INFO:Initializing create_model()
2026-07-15 18:51:29,197:INFO:create_model(self=<pycaret.classification.oop.ClassificationExperiment object at 0x000001710A1B8D00>, estimator=dt, fold=StratifiedKFold(n_splits=10, random_state=None, shuffle=False), round=4, cross_validation=True, predict=True, fit_kwargs={}, groups=None, refit=False, probability_threshold=None, experiment_custom_tags=None, verbose=False, system=False, add_to_model_list=True, metrics=None, display=<pycaret.internal.display.display.CommonDisplay object at 0x000001717F1EE6B0>, model_only=True, return_train_score=False, error_score=0.0, kwargs={})
2026-07-15 18:51:29,197:INFO:Checking exceptions
2026-07-15 18:51:29,197:INFO:Importing libraries
2026-07-15 18:51:29,197:INFO:Copying training dataset
2026-07-15 18:51:29,197:INFO:Defining folds
2026-07-15 18:51:29,197:INFO:Declaring metric variables
2026-07-15 18:51:29,197:INFO:Importing untrained model
2026-07-15 18:51:29,197:INFO:Decision Tree Classifier Imported successfully
2026-07-15 18:51:29,197:INFO:Starting cross validation
2026-07-15 18:51:29,197:INFO:Cross validating with StratifiedKFold(n_splits=10, random_state=None, shuffle=False), n_jobs=-1
2026-07-15 18:51:29,228:WARNING:D:\test-conda\lib\site-packages\sklearn\metrics\_classification.py:1561: UserWarning: Note that pos_label (set to 'MM') is ignored when average != 'binary' (got 'weighted'). You may use labels=[pos_label] to specify a single positive class.
  warnings.warn(

2026-07-15 18:51:29,228:WARNING:D:\test-conda\lib\site-packages\sklearn\metrics\_classification.py:1561: UserWarning: Note that pos_label (set to 'MM') is ignored when average != 'binary' (got 'weighted'). You may use labels=[pos_label] to specify a single positive class.
  warnings.warn(

2026-07-15 18:51:29,228:WARNING:D:\test-conda\lib\site-packages\sklearn\metrics\_classification.py:1561: UserWarning: Note that pos_label (set to 'MM') is ignored when average != 'binary' (got 'weighted'). You may use labels=[pos_label] to specify a single positive class.
  warnings.warn(

2026-07-15 18:51:29,228:WARNING:D:\test-conda\lib\site-packages\sklearn\metrics\_classification.py:1561: UserWarning: Note that pos_label (set to 'MM') is ignored when average != 'binary' (got 'weighted'). You may use labels=[pos_label] to specify a single positive class.
  warnings.warn(

2026-07-15 18:51:29,243:WARNING:D:\test-conda\lib\site-packages\sklearn\metrics\_classification.py:1561: UserWarning: Note that pos_label (set to 'MM') is ignored when average != 'binary' (got 'weighted'). You may use labels=[pos_label] to specify a single positive class.
  warnings.warn(

2026-07-15 18:51:29,243:WARNING:D:\test-conda\lib\site-packages\sklearn\metrics\_classification.py:1561: UserWarning: Note that pos_label (set to 'MM') is ignored when average != 'binary' (got 'weighted'). You may use labels=[pos_label] to specify a single positive class.
  warnings.warn(

2026-07-15 18:51:29,243:WARNING:D:\test-conda\lib\site-packages\sklearn\metrics\_classification.py:1561: UserWarning: Note that pos_label (set to 'MM') is ignored when average != 'binary' (got 'weighted'). You may use labels=[pos_label] to specify a single positive class.
  warnings.warn(

2026-07-15 18:51:29,243:WARNING:D:\test-conda\lib\site-packages\sklearn\metrics\_classification.py:1561: UserWarning: Note that pos_label (set to 'MM') is ignored when average != 'binary' (got 'weighted'). You may use labels=[pos_label] to specify a single positive class.
  warnings.warn(

2026-07-15 18:51:29,243:WARNING:D:\test-conda\lib\site-packages\sklearn\metrics\_classification.py:1561: UserWarning: Note that pos_label (set to 'MM') is ignored when average != 'binary' (got 'weighted'). You may use labels=[pos_label] to specify a single positive class.
  warnings.warn(

2026-07-15 18:51:29,243:WARNING:D:\test-conda\lib\site-packages\sklearn\metrics\_classification.py:1561: UserWarning: Note that pos_label (set to 'MM') is ignored when average != 'binary' (got 'weighted'). You may use labels=[pos_label] to specify a single positive class.
  warnings.warn(

2026-07-15 18:51:29,245:WARNING:D:\test-conda\lib\site-packages\sklearn\metrics\_classification.py:1561: UserWarning: Note that pos_label (set to 'MM') is ignored when average != 'binary' (got 'weighted'). You may use labels=[pos_label] to specify a single positive class.
  warnings.warn(

2026-07-15 18:51:29,245:WARNING:D:\test-conda\lib\site-packages\sklearn\metrics\_classification.py:1561: UserWarning: Note that pos_label (set to 'MM') is ignored when average != 'binary' (got 'weighted'). You may use labels=[pos_label] to specify a single positive class.
  warnings.warn(

2026-07-15 18:51:29,245:WARNING:D:\test-conda\lib\site-packages\sklearn\metrics\_classification.py:1561: UserWarning: Note that pos_label (set to 'MM') is ignored when average != 'binary' (got 'weighted'). You may use labels=[pos_label] to specify a single positive class.
  warnings.warn(

2026-07-15 18:51:29,245:WARNING:D:\test-conda\lib\site-packages\sklearn\metrics\_classification.py:1561: UserWarning: Note that pos_label (set to 'MM') is ignored when average != 'binary' (got 'weighted'). You may use labels=[pos_label] to specify a single positive class.
  warnings.warn(

2026-07-15 18:51:29,245:WARNING:D:\test-conda\lib\site-packages\sklearn\metrics\_classification.py:1561: UserWarning: Note that pos_label (set to 'MM') is ignored when average != 'binary' (got 'weighted'). You may use labels=[pos_label] to specify a single positive class.
  warnings.warn(

2026-07-15 18:51:29,245:WARNING:D:\test-conda\lib\site-packages\sklearn\metrics\_classification.py:1561: UserWarning: Note that pos_label (set to 'MM') is ignored when average != 'binary' (got 'weighted'). You may use labels=[pos_label] to specify a single positive class.
  warnings.warn(

2026-07-15 18:51:29,245:WARNING:D:\test-conda\lib\site-packages\sklearn\metrics\_classification.py:1561: UserWarning: Note that pos_label (set to 'MM') is ignored when average != 'binary' (got 'weighted'). You may use labels=[pos_label] to specify a single positive class.
  warnings.warn(

2026-07-15 18:51:29,245:WARNING:D:\test-conda\lib\site-packages\sklearn\metrics\_classification.py:1561: UserWarning: Note that pos_label (set to 'MM') is ignored when average != 'binary' (got 'weighted'). You may use labels=[pos_label] to specify a single positive class.
  warnings.warn(

2026-07-15 18:51:29,245:WARNING:D:\test-conda\lib\site-packages\sklearn\metrics\_classification.py:1561: UserWarning: Note that pos_label (set to 'MM') is ignored when average != 'binary' (got 'weighted'). You may use labels=[pos_label] to specify a single positive class.
  warnings.warn(

2026-07-15 18:51:29,245:WARNING:D:\test-conda\lib\site-packages\sklearn\metrics\_classification.py:1561: UserWarning: Note that pos_label (set to 'MM') is ignored when average != 'binary' (got 'weighted'). You may use labels=[pos_label] to specify a single positive class.
  warnings.warn(

2026-07-15 18:51:29,245:WARNING:D:\test-conda\lib\site-packages\sklearn\metrics\_classification.py:1561: UserWarning: Note that pos_label (set to 'MM') is ignored when average != 'binary' (got 'weighted'). You may use labels=[pos_label] to specify a single positive class.
  warnings.warn(

2026-07-15 18:51:29,245:WARNING:D:\test-conda\lib\site-packages\sklearn\metrics\_classification.py:1561: UserWarning: Note that pos_label (set to 'MM') is ignored when average != 'binary' (got 'weighted'). You may use labels=[pos_label] to specify a single positive class.
  warnings.warn(

2026-07-15 18:51:29,245:WARNING:D:\test-conda\lib\site-packages\sklearn\metrics\_classification.py:1561: UserWarning: Note that pos_label (set to 'MM') is ignored when average != 'binary' (got 'weighted'). You may use labels=[pos_label] to specify a single positive class.
  warnings.warn(

2026-07-15 18:51:29,245:WARNING:D:\test-conda\lib\site-packages\sklearn\metrics\_classification.py:1561: UserWarning: Note that pos_label (set to 'MM') is ignored when average != 'binary' (got 'weighted'). You may use labels=[pos_label] to specify a single positive class.
  warnings.warn(

2026-07-15 18:51:29,245:WARNING:D:\test-conda\lib\site-packages\sklearn\metrics\_classification.py:1561: UserWarning: Note that pos_label (set to 'MM') is ignored when average != 'binary' (got 'weighted'). You may use labels=[pos_label] to specify a single positive class.
  warnings.warn(

2026-07-15 18:51:29,245:WARNING:D:\test-conda\lib\site-packages\sklearn\metrics\_classification.py:1561: UserWarning: Note that pos_label (set to 'MM') is ignored when average != 'binary' (got 'weighted'). You may use labels=[pos_label] to specify a single positive class.
  warnings.warn(

2026-07-15 18:51:29,245:WARNING:D:\test-conda\lib\site-packages\sklearn\metrics\_classification.py:1561: UserWarning: Note that pos_label (set to 'MM') is ignored when average != 'binary' (got 'weighted'). You may use labels=[pos_label] to specify a single positive class.
  warnings.warn(

2026-07-15 18:51:29,259:WARNING:D:\test-conda\lib\site-packages\sklearn\metrics\_classification.py:1561: UserWarning: Note that pos_label (set to 'MM') is ignored when average != 'binary' (got 'weighted'). You may use labels=[pos_label] to specify a single positive class.
  warnings.warn(

2026-07-15 18:51:29,260:WARNING:D:\test-conda\lib\site-packages\sklearn\metrics\_classification.py:1561: UserWarning: Note that pos_label (set to 'MM') is ignored when average != 'binary' (got 'weighted'). You may use labels=[pos_label] to specify a single positive class.
  warnings.warn(

2026-07-15 18:51:29,260:WARNING:D:\test-conda\lib\site-packages\sklearn\metrics\_classification.py:1561: UserWarning: Note that pos_label (set to 'MM') is ignored when average != 'binary' (got 'weighted'). You may use labels=[pos_label] to specify a single positive class.
  warnings.warn(

2026-07-15 18:51:29,275:INFO:Calculating mean and std
2026-07-15 18:51:29,275:INFO:Creating metrics dataframe
2026-07-15 18:51:29,276:INFO:Uploading results into container
2026-07-15 18:51:29,276:INFO:Uploading model into container now
2026-07-15 18:51:29,276:INFO:_master_model_container: 4
2026-07-15 18:51:29,276:INFO:_display_container: 2
2026-07-15 18:51:29,276:INFO:DecisionTreeClassifier(ccp_alpha=0.0, class_weight=None, criterion='gini',
                       max_depth=None, max_features=None, max_leaf_nodes=None,
                       min_impurity_decrease=0.0, min_samples_leaf=1,
                       min_samples_split=2, min_weight_fraction_leaf=0.0,
                       monotonic_cst=None, random_state=8095, splitter='best')
2026-07-15 18:51:29,276:INFO:create_model() successfully completed......................................
2026-07-15 18:51:29,376:INFO:SubProcess create_model() end ==================================
2026-07-15 18:51:29,376:INFO:Creating metrics dataframe
2026-07-15 18:51:29,376:INFO:Initializing SVM - Linear Kernel
2026-07-15 18:51:29,376:INFO:Total runtime is 0.17959725856781006 minutes
2026-07-15 18:51:29,376:INFO:SubProcess create_model() called ==================================
2026-07-15 18:51:29,376:INFO:Initializing create_model()
2026-07-15 18:51:29,376:INFO:create_model(self=<pycaret.classification.oop.ClassificationExperiment object at 0x000001710A1B8D00>, estimator=svm, fold=StratifiedKFold(n_splits=10, random_state=None, shuffle=False), round=4, cross_validation=True, predict=True, fit_kwargs={}, groups=None, refit=False, probability_threshold=None, experiment_custom_tags=None, verbose=False, system=False, add_to_model_list=True, metrics=None, display=<pycaret.internal.display.display.CommonDisplay object at 0x000001717F1EE6B0>, model_only=True, return_train_score=False, error_score=0.0, kwargs={})
2026-07-15 18:51:29,376:INFO:Checking exceptions
2026-07-15 18:51:29,376:INFO:Importing libraries
2026-07-15 18:51:29,376:INFO:Copying training dataset
2026-07-15 18:51:29,376:INFO:Defining folds
2026-07-15 18:51:29,376:INFO:Declaring metric variables
2026-07-15 18:51:29,376:INFO:Importing untrained model
2026-07-15 18:51:29,376:INFO:SVM - Linear Kernel Imported successfully
2026-07-15 18:51:29,376:INFO:Starting cross validation
2026-07-15 18:51:29,376:INFO:Cross validating with StratifiedKFold(n_splits=10, random_state=None, shuffle=False), n_jobs=-1
2026-07-15 18:51:29,418:WARNING:D:\test-conda\lib\site-packages\sklearn\metrics\_classification.py:1561: UserWarning: Note that pos_label (set to 'MM') is ignored when average != 'binary' (got 'weighted'). You may use labels=[pos_label] to specify a single positive class.
  warnings.warn(

2026-07-15 18:51:29,420:WARNING:D:\test-conda\lib\site-packages\sklearn\metrics\_classification.py:1561: UserWarning: Note that pos_label (set to 'MM') is ignored when average != 'binary' (got 'weighted'). You may use labels=[pos_label] to specify a single positive class.
  warnings.warn(

2026-07-15 18:51:29,420:WARNING:D:\test-conda\lib\site-packages\sklearn\metrics\_classification.py:1561: UserWarning: Note that pos_label (set to 'MM') is ignored when average != 'binary' (got 'weighted'). You may use labels=[pos_label] to specify a single positive class.
  warnings.warn(

2026-07-15 18:51:29,420:WARNING:D:\test-conda\lib\site-packages\sklearn\metrics\_classification.py:1509: UndefinedMetricWarning: Precision is ill-defined and being set to 0.0 in labels with no predicted samples. Use `zero_division` parameter to control this behavior.
  _warn_prf(average, modifier, f"{metric.capitalize()} is", len(result))

2026-07-15 18:51:29,422:WARNING:D:\test-conda\lib\site-packages\sklearn\metrics\_classification.py:1561: UserWarning: Note that pos_label (set to 'MM') is ignored when average != 'binary' (got 'weighted'). You may use labels=[pos_label] to specify a single positive class.
  warnings.warn(

2026-07-15 18:51:29,423:WARNING:D:\test-conda\lib\site-packages\sklearn\metrics\_classification.py:1561: UserWarning: Note that pos_label (set to 'MM') is ignored when average != 'binary' (got 'weighted'). You may use labels=[pos_label] to specify a single positive class.
  warnings.warn(

2026-07-15 18:51:29,423:WARNING:D:\test-conda\lib\site-packages\sklearn\metrics\_classification.py:1561: UserWarning: Note that pos_label (set to 'MM') is ignored when average != 'binary' (got 'weighted'). You may use labels=[pos_label] to specify a single positive class.
  warnings.warn(

2026-07-15 18:51:29,423:WARNING:D:\test-conda\lib\site-packages\sklearn\metrics\_classification.py:1561: UserWarning: Note that pos_label (set to 'MM') is ignored when average != 'binary' (got 'weighted'). You may use labels=[pos_label] to specify a single positive class.
  warnings.warn(

2026-07-15 18:51:29,424:WARNING:D:\test-conda\lib\site-packages\sklearn\metrics\_classification.py:1561: UserWarning: Note that pos_label (set to 'MM') is ignored when average != 'binary' (got 'weighted'). You may use labels=[pos_label] to specify a single positive class.
  warnings.warn(

2026-07-15 18:51:29,424:WARNING:D:\test-conda\lib\site-packages\sklearn\metrics\_classification.py:1561: UserWarning: Note that pos_label (set to 'MM') is ignored when average != 'binary' (got 'weighted'). You may use labels=[pos_label] to specify a single positive class.
  warnings.warn(

2026-07-15 18:51:29,424:WARNING:D:\test-conda\lib\site-packages\sklearn\metrics\_classification.py:1561: UserWarning: Note that pos_label (set to 'MM') is ignored when average != 'binary' (got 'weighted'). You may use labels=[pos_label] to specify a single positive class.
  warnings.warn(

2026-07-15 18:51:29,424:WARNING:D:\test-conda\lib\site-packages\sklearn\metrics\_classification.py:1509: UndefinedMetricWarning: Precision is ill-defined and being set to 0.0 in labels with no predicted samples. Use `zero_division` parameter to control this behavior.
  _warn_prf(average, modifier, f"{metric.capitalize()} is", len(result))

2026-07-15 18:51:29,424:WARNING:D:\test-conda\lib\site-packages\sklearn\metrics\_classification.py:1509: UndefinedMetricWarning: Precision is ill-defined and being set to 0.0 in labels with no predicted samples. Use `zero_division` parameter to control this behavior.
  _warn_prf(average, modifier, f"{metric.capitalize()} is", len(result))

2026-07-15 18:51:29,425:WARNING:D:\test-conda\lib\site-packages\sklearn\metrics\_classification.py:1561: UserWarning: Note that pos_label (set to 'MM') is ignored when average != 'binary' (got 'weighted'). You may use labels=[pos_label] to specify a single positive class.
  warnings.warn(

2026-07-15 18:51:29,425:WARNING:D:\test-conda\lib\site-packages\sklearn\metrics\_classification.py:1561: UserWarning: Note that pos_label (set to 'MM') is ignored when average != 'binary' (got 'weighted'). You may use labels=[pos_label] to specify a single positive class.
  warnings.warn(

2026-07-15 18:51:29,428:WARNING:D:\test-conda\lib\site-packages\sklearn\metrics\_classification.py:1561: UserWarning: Note that pos_label (set to 'MM') is ignored when average != 'binary' (got 'weighted'). You may use labels=[pos_label] to specify a single positive class.
  warnings.warn(

2026-07-15 18:51:29,429:WARNING:D:\test-conda\lib\site-packages\sklearn\metrics\_classification.py:1561: UserWarning: Note that pos_label (set to 'MM') is ignored when average != 'binary' (got 'weighted'). You may use labels=[pos_label] to specify a single positive class.
  warnings.warn(

2026-07-15 18:51:29,429:WARNING:D:\test-conda\lib\site-packages\sklearn\metrics\_classification.py:1561: UserWarning: Note that pos_label (set to 'MM') is ignored when average != 'binary' (got 'weighted'). You may use labels=[pos_label] to specify a single positive class.
  warnings.warn(

2026-07-15 18:51:29,430:WARNING:D:\test-conda\lib\site-packages\sklearn\metrics\_classification.py:1561: UserWarning: Note that pos_label (set to 'MM') is ignored when average != 'binary' (got 'weighted'). You may use labels=[pos_label] to specify a single positive class.
  warnings.warn(

2026-07-15 18:51:29,430:WARNING:D:\test-conda\lib\site-packages\sklearn\metrics\_classification.py:1561: UserWarning: Note that pos_label (set to 'MM') is ignored when average != 'binary' (got 'weighted'). You may use labels=[pos_label] to specify a single positive class.
  warnings.warn(

2026-07-15 18:51:29,431:WARNING:D:\test-conda\lib\site-packages\sklearn\metrics\_classification.py:1561: UserWarning: Note that pos_label (set to 'MM') is ignored when average != 'binary' (got 'weighted'). You may use labels=[pos_label] to specify a single positive class.
  warnings.warn(

2026-07-15 18:51:29,431:WARNING:D:\test-conda\lib\site-packages\sklearn\metrics\_classification.py:1561: UserWarning: Note that pos_label (set to 'MM') is ignored when average != 'binary' (got 'weighted'). You may use labels=[pos_label] to specify a single positive class.
  warnings.warn(

2026-07-15 18:51:29,431:WARNING:D:\test-conda\lib\site-packages\sklearn\metrics\_classification.py:1561: UserWarning: Note that pos_label (set to 'MM') is ignored when average != 'binary' (got 'weighted'). You may use labels=[pos_label] to specify a single positive class.
  warnings.warn(

2026-07-15 18:51:29,431:WARNING:D:\test-conda\lib\site-packages\sklearn\metrics\_classification.py:1509: UndefinedMetricWarning: Precision is ill-defined and being set to 0.0 in labels with no predicted samples. Use `zero_division` parameter to control this behavior.
  _warn_prf(average, modifier, f"{metric.capitalize()} is", len(result))

2026-07-15 18:51:29,431:WARNING:D:\test-conda\lib\site-packages\sklearn\metrics\_classification.py:1509: UndefinedMetricWarning: Precision is ill-defined and being set to 0.0 in labels with no predicted samples. Use `zero_division` parameter to control this behavior.
  _warn_prf(average, modifier, f"{metric.capitalize()} is", len(result))

2026-07-15 18:51:29,431:WARNING:D:\test-conda\lib\site-packages\sklearn\metrics\_classification.py:1509: UndefinedMetricWarning: Precision is ill-defined and being set to 0.0 in labels with no predicted samples. Use `zero_division` parameter to control this behavior.
  _warn_prf(average, modifier, f"{metric.capitalize()} is", len(result))

2026-07-15 18:51:29,432:WARNING:D:\test-conda\lib\site-packages\sklearn\metrics\_classification.py:1561: UserWarning: Note that pos_label (set to 'MM') is ignored when average != 'binary' (got 'weighted'). You may use labels=[pos_label] to specify a single positive class.
  warnings.warn(

2026-07-15 18:51:29,432:WARNING:D:\test-conda\lib\site-packages\sklearn\metrics\_classification.py:1561: UserWarning: Note that pos_label (set to 'MM') is ignored when average != 'binary' (got 'weighted'). You may use labels=[pos_label] to specify a single positive class.
  warnings.warn(

2026-07-15 18:51:29,432:WARNING:D:\test-conda\lib\site-packages\sklearn\metrics\_classification.py:1561: UserWarning: Note that pos_label (set to 'MM') is ignored when average != 'binary' (got 'weighted'). You may use labels=[pos_label] to specify a single positive class.
  warnings.warn(

2026-07-15 18:51:29,432:WARNING:D:\test-conda\lib\site-packages\sklearn\metrics\_classification.py:1561: UserWarning: Note that pos_label (set to 'MM') is ignored when average != 'binary' (got 'weighted'). You may use labels=[pos_label] to specify a single positive class.
  warnings.warn(

2026-07-15 18:51:29,433:WARNING:D:\test-conda\lib\site-packages\sklearn\metrics\_classification.py:1561: UserWarning: Note that pos_label (set to 'MM') is ignored when average != 'binary' (got 'weighted'). You may use labels=[pos_label] to specify a single positive class.
  warnings.warn(

2026-07-15 18:51:29,433:WARNING:D:\test-conda\lib\site-packages\sklearn\metrics\_classification.py:1561: UserWarning: Note that pos_label (set to 'MM') is ignored when average != 'binary' (got 'weighted'). You may use labels=[pos_label] to specify a single positive class.
  warnings.warn(

2026-07-15 18:51:29,434:WARNING:D:\test-conda\lib\site-packages\sklearn\metrics\_classification.py:1561: UserWarning: Note that pos_label (set to 'MM') is ignored when average != 'binary' (got 'weighted'). You may use labels=[pos_label] to specify a single positive class.
  warnings.warn(

2026-07-15 18:51:29,434:WARNING:D:\test-conda\lib\site-packages\sklearn\metrics\_classification.py:1561: UserWarning: Note that pos_label (set to 'MM') is ignored when average != 'binary' (got 'weighted'). You may use labels=[pos_label] to specify a single positive class.
  warnings.warn(

2026-07-15 18:51:29,435:WARNING:D:\test-conda\lib\site-packages\sklearn\metrics\_classification.py:1509: UndefinedMetricWarning: Precision is ill-defined and being set to 0.0 in labels with no predicted samples. Use `zero_division` parameter to control this behavior.
  _warn_prf(average, modifier, f"{metric.capitalize()} is", len(result))

2026-07-15 18:51:29,435:WARNING:D:\test-conda\lib\site-packages\sklearn\metrics\_classification.py:1561: UserWarning: Note that pos_label (set to 'MM') is ignored when average != 'binary' (got 'weighted'). You may use labels=[pos_label] to specify a single positive class.
  warnings.warn(

2026-07-15 18:51:29,438:INFO:Calculating mean and std
2026-07-15 18:51:29,438:INFO:Creating metrics dataframe
2026-07-15 18:51:29,439:INFO:Uploading results into container
2026-07-15 18:51:29,439:INFO:Uploading model into container now
2026-07-15 18:51:29,440:INFO:_master_model_container: 5
2026-07-15 18:51:29,440:INFO:_display_container: 2
2026-07-15 18:51:29,440:INFO:SGDClassifier(alpha=0.0001, average=False, class_weight=None,
              early_stopping=False, epsilon=0.1, eta0=0.001, fit_intercept=True,
              l1_ratio=0.15, learning_rate='optimal', loss='hinge',
              max_iter=1000, n_iter_no_change=5, n_jobs=-1, penalty='l2',
              power_t=0.5, random_state=8095, shuffle=True, tol=0.001,
              validation_fraction=0.1, verbose=0, warm_start=False)
2026-07-15 18:51:29,440:INFO:create_model() successfully completed......................................
2026-07-15 18:51:29,548:INFO:SubProcess create_model() end ==================================
2026-07-15 18:51:29,548:INFO:Creating metrics dataframe
2026-07-15 18:51:29,549:INFO:Initializing Ridge Classifier
2026-07-15 18:51:29,549:INFO:Total runtime is 0.18247164885203043 minutes
2026-07-15 18:51:29,549:INFO:SubProcess create_model() called ==================================
2026-07-15 18:51:29,549:INFO:Initializing create_model()
2026-07-15 18:51:29,549:INFO:create_model(self=<pycaret.classification.oop.ClassificationExperiment object at 0x000001710A1B8D00>, estimator=ridge, fold=StratifiedKFold(n_splits=10, random_state=None, shuffle=False), round=4, cross_validation=True, predict=True, fit_kwargs={}, groups=None, refit=False, probability_threshold=None, experiment_custom_tags=None, verbose=False, system=False, add_to_model_list=True, metrics=None, display=<pycaret.internal.display.display.CommonDisplay object at 0x000001717F1EE6B0>, model_only=True, return_train_score=False, error_score=0.0, kwargs={})
2026-07-15 18:51:29,550:INFO:Checking exceptions
2026-07-15 18:51:29,550:INFO:Importing libraries
2026-07-15 18:51:29,550:INFO:Copying training dataset
2026-07-15 18:51:29,552:INFO:Defining folds
2026-07-15 18:51:29,552:INFO:Declaring metric variables
2026-07-15 18:51:29,552:INFO:Importing untrained model
2026-07-15 18:51:29,552:INFO:Ridge Classifier Imported successfully
2026-07-15 18:51:29,552:INFO:Starting cross validation
2026-07-15 18:51:29,553:INFO:Cross validating with StratifiedKFold(n_splits=10, random_state=None, shuffle=False), n_jobs=-1
2026-07-15 18:51:29,581:WARNING:D:\test-conda\lib\site-packages\sklearn\metrics\_classification.py:1561: UserWarning: Note that pos_label (set to 'MM') is ignored when average != 'binary' (got 'weighted'). You may use labels=[pos_label] to specify a single positive class.
  warnings.warn(

2026-07-15 18:51:29,583:WARNING:D:\test-conda\lib\site-packages\sklearn\metrics\_classification.py:1561: UserWarning: Note that pos_label (set to 'MM') is ignored when average != 'binary' (got 'weighted'). You may use labels=[pos_label] to specify a single positive class.
  warnings.warn(

2026-07-15 18:51:29,583:WARNING:D:\test-conda\lib\site-packages\sklearn\metrics\_classification.py:1561: UserWarning: Note that pos_label (set to 'MM') is ignored when average != 'binary' (got 'weighted'). You may use labels=[pos_label] to specify a single positive class.
  warnings.warn(

2026-07-15 18:51:29,583:WARNING:D:\test-conda\lib\site-packages\sklearn\metrics\_classification.py:1561: UserWarning: Note that pos_label (set to 'MM') is ignored when average != 'binary' (got 'weighted'). You may use labels=[pos_label] to specify a single positive class.
  warnings.warn(

2026-07-15 18:51:29,585:WARNING:D:\test-conda\lib\site-packages\sklearn\metrics\_classification.py:1561: UserWarning: Note that pos_label (set to 'MM') is ignored when average != 'binary' (got 'weighted'). You may use labels=[pos_label] to specify a single positive class.
  warnings.warn(

2026-07-15 18:51:29,585:WARNING:D:\test-conda\lib\site-packages\sklearn\metrics\_classification.py:1561: UserWarning: Note that pos_label (set to 'MM') is ignored when average != 'binary' (got 'weighted'). You may use labels=[pos_label] to specify a single positive class.
  warnings.warn(

2026-07-15 18:51:29,585:WARNING:D:\test-conda\lib\site-packages\sklearn\metrics\_classification.py:1561: UserWarning: Note that pos_label (set to 'MM') is ignored when average != 'binary' (got 'weighted'). You may use labels=[pos_label] to specify a single positive class.
  warnings.warn(

2026-07-15 18:51:29,587:WARNING:D:\test-conda\lib\site-packages\sklearn\metrics\_classification.py:1561: UserWarning: Note that pos_label (set to 'MM') is ignored when average != 'binary' (got 'weighted'). You may use labels=[pos_label] to specify a single positive class.
  warnings.warn(

2026-07-15 18:51:29,587:WARNING:D:\test-conda\lib\site-packages\sklearn\metrics\_classification.py:1561: UserWarning: Note that pos_label (set to 'MM') is ignored when average != 'binary' (got 'weighted'). You may use labels=[pos_label] to specify a single positive class.
  warnings.warn(

2026-07-15 18:51:29,589:WARNING:D:\test-conda\lib\site-packages\sklearn\metrics\_classification.py:1561: UserWarning: Note that pos_label (set to 'MM') is ignored when average != 'binary' (got 'weighted'). You may use labels=[pos_label] to specify a single positive class.
  warnings.warn(

2026-07-15 18:51:29,589:WARNING:D:\test-conda\lib\site-packages\sklearn\metrics\_classification.py:1561: UserWarning: Note that pos_label (set to 'MM') is ignored when average != 'binary' (got 'weighted'). You may use labels=[pos_label] to specify a single positive class.
  warnings.warn(

2026-07-15 18:51:29,589:WARNING:D:\test-conda\lib\site-packages\sklearn\metrics\_classification.py:1561: UserWarning: Note that pos_label (set to 'MM') is ignored when average != 'binary' (got 'weighted'). You may use labels=[pos_label] to specify a single positive class.
  warnings.warn(

2026-07-15 18:51:29,591:WARNING:D:\test-conda\lib\site-packages\sklearn\metrics\_classification.py:1561: UserWarning: Note that pos_label (set to 'MM') is ignored when average != 'binary' (got 'weighted'). You may use labels=[pos_label] to specify a single positive class.
  warnings.warn(

2026-07-15 18:51:29,591:WARNING:D:\test-conda\lib\site-packages\sklearn\metrics\_classification.py:1561: UserWarning: Note that pos_label (set to 'MM') is ignored when average != 'binary' (got 'weighted'). You may use labels=[pos_label] to specify a single positive class.
  warnings.warn(

2026-07-15 18:51:29,591:WARNING:D:\test-conda\lib\site-packages\sklearn\metrics\_classification.py:1561: UserWarning: Note that pos_label (set to 'MM') is ignored when average != 'binary' (got 'weighted'). You may use labels=[pos_label] to specify a single positive class.
  warnings.warn(

2026-07-15 18:51:29,593:WARNING:D:\test-conda\lib\site-packages\sklearn\metrics\_classification.py:1561: UserWarning: Note that pos_label (set to 'MM') is ignored when average != 'binary' (got 'weighted'). You may use labels=[pos_label] to specify a single positive class.
  warnings.warn(

2026-07-15 18:51:29,593:WARNING:D:\test-conda\lib\site-packages\sklearn\metrics\_classification.py:1561: UserWarning: Note that pos_label (set to 'MM') is ignored when average != 'binary' (got 'weighted'). You may use labels=[pos_label] to specify a single positive class.
  warnings.warn(

2026-07-15 18:51:29,593:WARNING:D:\test-conda\lib\site-packages\sklearn\metrics\_classification.py:1561: UserWarning: Note that pos_label (set to 'MM') is ignored when average != 'binary' (got 'weighted'). You may use labels=[pos_label] to specify a single positive class.
  warnings.warn(

2026-07-15 18:51:29,593:WARNING:D:\test-conda\lib\site-packages\sklearn\metrics\_classification.py:1561: UserWarning: Note that pos_label (set to 'MM') is ignored when average != 'binary' (got 'weighted'). You may use labels=[pos_label] to specify a single positive class.
  warnings.warn(

2026-07-15 18:51:29,593:WARNING:D:\test-conda\lib\site-packages\sklearn\metrics\_classification.py:1561: UserWarning: Note that pos_label (set to 'MM') is ignored when average != 'binary' (got 'weighted'). You may use labels=[pos_label] to specify a single positive class.
  warnings.warn(

2026-07-15 18:51:29,593:WARNING:D:\test-conda\lib\site-packages\sklearn\metrics\_classification.py:1561: UserWarning: Note that pos_label (set to 'MM') is ignored when average != 'binary' (got 'weighted'). You may use labels=[pos_label] to specify a single positive class.
  warnings.warn(

2026-07-15 18:51:29,595:WARNING:D:\test-conda\lib\site-packages\sklearn\metrics\_classification.py:1561: UserWarning: Note that pos_label (set to 'MM') is ignored when average != 'binary' (got 'weighted'). You may use labels=[pos_label] to specify a single positive class.
  warnings.warn(

2026-07-15 18:51:29,595:WARNING:D:\test-conda\lib\site-packages\sklearn\metrics\_classification.py:1561: UserWarning: Note that pos_label (set to 'MM') is ignored when average != 'binary' (got 'weighted'). You may use labels=[pos_label] to specify a single positive class.
  warnings.warn(

2026-07-15 18:51:29,595:WARNING:D:\test-conda\lib\site-packages\sklearn\metrics\_classification.py:1561: UserWarning: Note that pos_label (set to 'MM') is ignored when average != 'binary' (got 'weighted'). You may use labels=[pos_label] to specify a single positive class.
  warnings.warn(

2026-07-15 18:51:29,595:WARNING:D:\test-conda\lib\site-packages\sklearn\metrics\_classification.py:1561: UserWarning: Note that pos_label (set to 'MM') is ignored when average != 'binary' (got 'weighted'). You may use labels=[pos_label] to specify a single positive class.
  warnings.warn(

2026-07-15 18:51:29,595:WARNING:D:\test-conda\lib\site-packages\sklearn\metrics\_classification.py:1561: UserWarning: Note that pos_label (set to 'MM') is ignored when average != 'binary' (got 'weighted'). You may use labels=[pos_label] to specify a single positive class.
  warnings.warn(

2026-07-15 18:51:29,595:WARNING:D:\test-conda\lib\site-packages\sklearn\metrics\_classification.py:1561: UserWarning: Note that pos_label (set to 'MM') is ignored when average != 'binary' (got 'weighted'). You may use labels=[pos_label] to specify a single positive class.
  warnings.warn(

2026-07-15 18:51:29,595:WARNING:D:\test-conda\lib\site-packages\sklearn\metrics\_classification.py:1561: UserWarning: Note that pos_label (set to 'MM') is ignored when average != 'binary' (got 'weighted'). You may use labels=[pos_label] to specify a single positive class.
  warnings.warn(

2026-07-15 18:51:29,595:WARNING:D:\test-conda\lib\site-packages\sklearn\metrics\_classification.py:1561: UserWarning: Note that pos_label (set to 'MM') is ignored when average != 'binary' (got 'weighted'). You may use labels=[pos_label] to specify a single positive class.
  warnings.warn(

2026-07-15 18:51:29,595:WARNING:D:\test-conda\lib\site-packages\sklearn\metrics\_classification.py:1561: UserWarning: Note that pos_label (set to 'MM') is ignored when average != 'binary' (got 'weighted'). You may use labels=[pos_label] to specify a single positive class.
  warnings.warn(

2026-07-15 18:51:29,607:INFO:Calculating mean and std
2026-07-15 18:51:29,608:INFO:Creating metrics dataframe
2026-07-15 18:51:29,608:INFO:Uploading results into container
2026-07-15 18:51:29,608:INFO:Uploading model into container now
2026-07-15 18:51:29,608:INFO:_master_model_container: 6
2026-07-15 18:51:29,608:INFO:_display_container: 2
2026-07-15 18:51:29,608:INFO:RidgeClassifier(alpha=1.0, class_weight=None, copy_X=True, fit_intercept=True,
                max_iter=None, positive=False, random_state=8095, solver='auto',
                tol=0.0001)
2026-07-15 18:51:29,608:INFO:create_model() successfully completed......................................
2026-07-15 18:51:29,697:INFO:SubProcess create_model() end ==================================
2026-07-15 18:51:29,697:INFO:Creating metrics dataframe
2026-07-15 18:51:29,697:INFO:Initializing Random Forest Classifier
2026-07-15 18:51:29,697:INFO:Total runtime is 0.18494588136672974 minutes
2026-07-15 18:51:29,697:INFO:SubProcess create_model() called ==================================
2026-07-15 18:51:29,697:INFO:Initializing create_model()
2026-07-15 18:51:29,697:INFO:create_model(self=<pycaret.classification.oop.ClassificationExperiment object at 0x000001710A1B8D00>, estimator=rf, fold=StratifiedKFold(n_splits=10, random_state=None, shuffle=False), round=4, cross_validation=True, predict=True, fit_kwargs={}, groups=None, refit=False, probability_threshold=None, experiment_custom_tags=None, verbose=False, system=False, add_to_model_list=True, metrics=None, display=<pycaret.internal.display.display.CommonDisplay object at 0x000001717F1EE6B0>, model_only=True, return_train_score=False, error_score=0.0, kwargs={})
2026-07-15 18:51:29,697:INFO:Checking exceptions
2026-07-15 18:51:29,697:INFO:Importing libraries
2026-07-15 18:51:29,697:INFO:Copying training dataset
2026-07-15 18:51:29,697:INFO:Defining folds
2026-07-15 18:51:29,697:INFO:Declaring metric variables
2026-07-15 18:51:29,697:INFO:Importing untrained model
2026-07-15 18:51:29,697:INFO:Random Forest Classifier Imported successfully
2026-07-15 18:51:29,697:INFO:Starting cross validation
2026-07-15 18:51:29,697:INFO:Cross validating with StratifiedKFold(n_splits=10, random_state=None, shuffle=False), n_jobs=-1
2026-07-15 18:51:29,872:WARNING:D:\test-conda\lib\site-packages\sklearn\metrics\_classification.py:1561: UserWarning: Note that pos_label (set to 'MM') is ignored when average != 'binary' (got 'weighted'). You may use labels=[pos_label] to specify a single positive class.
  warnings.warn(

2026-07-15 18:51:29,872:WARNING:D:\test-conda\lib\site-packages\sklearn\metrics\_classification.py:1561: UserWarning: Note that pos_label (set to 'MM') is ignored when average != 'binary' (got 'weighted'). You may use labels=[pos_label] to specify a single positive class.
  warnings.warn(

2026-07-15 18:51:29,872:WARNING:D:\test-conda\lib\site-packages\sklearn\metrics\_classification.py:1561: UserWarning: Note that pos_label (set to 'MM') is ignored when average != 'binary' (got 'weighted'). You may use labels=[pos_label] to specify a single positive class.
  warnings.warn(

2026-07-15 18:51:29,872:WARNING:D:\test-conda\lib\site-packages\sklearn\metrics\_classification.py:1561: UserWarning: Note that pos_label (set to 'MM') is ignored when average != 'binary' (got 'weighted'). You may use labels=[pos_label] to specify a single positive class.
  warnings.warn(

2026-07-15 18:51:29,873:WARNING:D:\test-conda\lib\site-packages\sklearn\metrics\_classification.py:1561: UserWarning: Note that pos_label (set to 'MM') is ignored when average != 'binary' (got 'weighted'). You may use labels=[pos_label] to specify a single positive class.
  warnings.warn(

2026-07-15 18:51:29,873:WARNING:D:\test-conda\lib\site-packages\sklearn\metrics\_classification.py:1561: UserWarning: Note that pos_label (set to 'MM') is ignored when average != 'binary' (got 'weighted'). You may use labels=[pos_label] to specify a single positive class.
  warnings.warn(

2026-07-15 18:51:29,874:WARNING:D:\test-conda\lib\site-packages\sklearn\metrics\_classification.py:1561: UserWarning: Note that pos_label (set to 'MM') is ignored when average != 'binary' (got 'weighted'). You may use labels=[pos_label] to specify a single positive class.
  warnings.warn(

2026-07-15 18:51:29,874:WARNING:D:\test-conda\lib\site-packages\sklearn\metrics\_classification.py:1561: UserWarning: Note that pos_label (set to 'MM') is ignored when average != 'binary' (got 'weighted'). You may use labels=[pos_label] to specify a single positive class.
  warnings.warn(

2026-07-15 18:51:29,874:WARNING:D:\test-conda\lib\site-packages\sklearn\metrics\_classification.py:1561: UserWarning: Note that pos_label (set to 'MM') is ignored when average != 'binary' (got 'weighted'). You may use labels=[pos_label] to specify a single positive class.
  warnings.warn(

2026-07-15 18:51:29,875:WARNING:D:\test-conda\lib\site-packages\sklearn\metrics\_classification.py:1561: UserWarning: Note that pos_label (set to 'MM') is ignored when average != 'binary' (got 'weighted'). You may use labels=[pos_label] to specify a single positive class.
  warnings.warn(

2026-07-15 18:51:29,875:WARNING:D:\test-conda\lib\site-packages\sklearn\metrics\_classification.py:1561: UserWarning: Note that pos_label (set to 'MM') is ignored when average != 'binary' (got 'weighted'). You may use labels=[pos_label] to specify a single positive class.
  warnings.warn(

2026-07-15 18:51:29,875:WARNING:D:\test-conda\lib\site-packages\sklearn\metrics\_classification.py:1561: UserWarning: Note that pos_label (set to 'MM') is ignored when average != 'binary' (got 'weighted'). You may use labels=[pos_label] to specify a single positive class.
  warnings.warn(

2026-07-15 18:51:29,902:WARNING:D:\test-conda\lib\site-packages\sklearn\metrics\_classification.py:1561: UserWarning: Note that pos_label (set to 'MM') is ignored when average != 'binary' (got 'weighted'). You may use labels=[pos_label] to specify a single positive class.
  warnings.warn(

2026-07-15 18:51:29,902:WARNING:D:\test-conda\lib\site-packages\sklearn\metrics\_classification.py:1561: UserWarning: Note that pos_label (set to 'MM') is ignored when average != 'binary' (got 'weighted'). You may use labels=[pos_label] to specify a single positive class.
  warnings.warn(

2026-07-15 18:51:29,902:WARNING:D:\test-conda\lib\site-packages\sklearn\metrics\_classification.py:1561: UserWarning: Note that pos_label (set to 'MM') is ignored when average != 'binary' (got 'weighted'). You may use labels=[pos_label] to specify a single positive class.
  warnings.warn(

2026-07-15 18:51:29,902:WARNING:D:\test-conda\lib\site-packages\sklearn\metrics\_classification.py:1561: UserWarning: Note that pos_label (set to 'MM') is ignored when average != 'binary' (got 'weighted'). You may use labels=[pos_label] to specify a single positive class.
  warnings.warn(

2026-07-15 18:51:29,903:WARNING:D:\test-conda\lib\site-packages\sklearn\metrics\_classification.py:1561: UserWarning: Note that pos_label (set to 'MM') is ignored when average != 'binary' (got 'weighted'). You may use labels=[pos_label] to specify a single positive class.
  warnings.warn(

2026-07-15 18:51:29,903:WARNING:D:\test-conda\lib\site-packages\sklearn\metrics\_classification.py:1561: UserWarning: Note that pos_label (set to 'MM') is ignored when average != 'binary' (got 'weighted'). You may use labels=[pos_label] to specify a single positive class.
  warnings.warn(

2026-07-15 18:51:29,904:WARNING:D:\test-conda\lib\site-packages\sklearn\metrics\_classification.py:1561: UserWarning: Note that pos_label (set to 'MM') is ignored when average != 'binary' (got 'weighted'). You may use labels=[pos_label] to specify a single positive class.
  warnings.warn(

2026-07-15 18:51:29,904:WARNING:D:\test-conda\lib\site-packages\sklearn\metrics\_classification.py:1561: UserWarning: Note that pos_label (set to 'MM') is ignored when average != 'binary' (got 'weighted'). You may use labels=[pos_label] to specify a single positive class.
  warnings.warn(

2026-07-15 18:51:29,904:WARNING:D:\test-conda\lib\site-packages\sklearn\metrics\_classification.py:1561: UserWarning: Note that pos_label (set to 'MM') is ignored when average != 'binary' (got 'weighted'). You may use labels=[pos_label] to specify a single positive class.
  warnings.warn(

2026-07-15 18:51:29,904:WARNING:D:\test-conda\lib\site-packages\sklearn\metrics\_classification.py:1561: UserWarning: Note that pos_label (set to 'MM') is ignored when average != 'binary' (got 'weighted'). You may use labels=[pos_label] to specify a single positive class.
  warnings.warn(

2026-07-15 18:51:29,904:WARNING:D:\test-conda\lib\site-packages\sklearn\metrics\_classification.py:1561: UserWarning: Note that pos_label (set to 'MM') is ignored when average != 'binary' (got 'weighted'). You may use labels=[pos_label] to specify a single positive class.
  warnings.warn(

2026-07-15 18:51:29,905:WARNING:D:\test-conda\lib\site-packages\sklearn\metrics\_classification.py:1561: UserWarning: Note that pos_label (set to 'MM') is ignored when average != 'binary' (got 'weighted'). You may use labels=[pos_label] to specify a single positive class.
  warnings.warn(

2026-07-15 18:51:29,905:WARNING:D:\test-conda\lib\site-packages\sklearn\metrics\_classification.py:1561: UserWarning: Note that pos_label (set to 'MM') is ignored when average != 'binary' (got 'weighted'). You may use labels=[pos_label] to specify a single positive class.
  warnings.warn(

2026-07-15 18:51:29,905:WARNING:D:\test-conda\lib\site-packages\sklearn\metrics\_classification.py:1561: UserWarning: Note that pos_label (set to 'MM') is ignored when average != 'binary' (got 'weighted'). You may use labels=[pos_label] to specify a single positive class.
  warnings.warn(

2026-07-15 18:51:29,906:WARNING:D:\test-conda\lib\site-packages\sklearn\metrics\_classification.py:1561: UserWarning: Note that pos_label (set to 'MM') is ignored when average != 'binary' (got 'weighted'). You may use labels=[pos_label] to specify a single positive class.
  warnings.warn(

2026-07-15 18:51:29,917:WARNING:D:\test-conda\lib\site-packages\sklearn\metrics\_classification.py:1561: UserWarning: Note that pos_label (set to 'MM') is ignored when average != 'binary' (got 'weighted'). You may use labels=[pos_label] to specify a single positive class.
  warnings.warn(

2026-07-15 18:51:29,918:WARNING:D:\test-conda\lib\site-packages\sklearn\metrics\_classification.py:1561: UserWarning: Note that pos_label (set to 'MM') is ignored when average != 'binary' (got 'weighted'). You may use labels=[pos_label] to specify a single positive class.
  warnings.warn(

2026-07-15 18:51:29,919:WARNING:D:\test-conda\lib\site-packages\sklearn\metrics\_classification.py:1561: UserWarning: Note that pos_label (set to 'MM') is ignored when average != 'binary' (got 'weighted'). You may use labels=[pos_label] to specify a single positive class.
  warnings.warn(

2026-07-15 18:51:29,930:INFO:Calculating mean and std
2026-07-15 18:51:29,930:INFO:Creating metrics dataframe
2026-07-15 18:51:29,932:INFO:Uploading results into container
2026-07-15 18:51:29,932:INFO:Uploading model into container now
2026-07-15 18:51:29,932:INFO:_master_model_container: 7
2026-07-15 18:51:29,932:INFO:_display_container: 2
2026-07-15 18:51:29,932:INFO:RandomForestClassifier(bootstrap=True, ccp_alpha=0.0, class_weight=None,
                       criterion='gini', max_depth=None, max_features='sqrt',
                       max_leaf_nodes=None, max_samples=None,
                       min_impurity_decrease=0.0, min_samples_leaf=1,
                       min_samples_split=2, min_weight_fraction_leaf=0.0,
                       monotonic_cst=None, n_estimators=100, n_jobs=-1,
                       oob_score=False, random_state=8095, verbose=0,
                       warm_start=False)
2026-07-15 18:51:29,932:INFO:create_model() successfully completed......................................
2026-07-15 18:51:30,039:INFO:SubProcess create_model() end ==================================
2026-07-15 18:51:30,039:INFO:Creating metrics dataframe
2026-07-15 18:51:30,041:INFO:Initializing Quadratic Discriminant Analysis
2026-07-15 18:51:30,041:INFO:Total runtime is 0.19067227443059284 minutes
2026-07-15 18:51:30,041:INFO:SubProcess create_model() called ==================================
2026-07-15 18:51:30,041:INFO:Initializing create_model()
2026-07-15 18:51:30,041:INFO:create_model(self=<pycaret.classification.oop.ClassificationExperiment object at 0x000001710A1B8D00>, estimator=qda, fold=StratifiedKFold(n_splits=10, random_state=None, shuffle=False), round=4, cross_validation=True, predict=True, fit_kwargs={}, groups=None, refit=False, probability_threshold=None, experiment_custom_tags=None, verbose=False, system=False, add_to_model_list=True, metrics=None, display=<pycaret.internal.display.display.CommonDisplay object at 0x000001717F1EE6B0>, model_only=True, return_train_score=False, error_score=0.0, kwargs={})
2026-07-15 18:51:30,041:INFO:Checking exceptions
2026-07-15 18:51:30,041:INFO:Importing libraries
2026-07-15 18:51:30,041:INFO:Copying training dataset
2026-07-15 18:51:30,042:INFO:Defining folds
2026-07-15 18:51:30,042:INFO:Declaring metric variables
2026-07-15 18:51:30,042:INFO:Importing untrained model
2026-07-15 18:51:30,042:INFO:Quadratic Discriminant Analysis Imported successfully
2026-07-15 18:51:30,042:INFO:Starting cross validation
2026-07-15 18:51:30,042:INFO:Cross validating with StratifiedKFold(n_splits=10, random_state=None, shuffle=False), n_jobs=-1
2026-07-15 18:51:30,074:WARNING:D:\test-conda\lib\site-packages\sklearn\discriminant_analysis.py:935: UserWarning: Variables are collinear
  warnings.warn("Variables are collinear")

2026-07-15 18:51:30,074:WARNING:D:\test-conda\lib\site-packages\sklearn\discriminant_analysis.py:935: UserWarning: Variables are collinear
  warnings.warn("Variables are collinear")

2026-07-15 18:51:30,074:WARNING:D:\test-conda\lib\site-packages\sklearn\discriminant_analysis.py:935: UserWarning: Variables are collinear
  warnings.warn("Variables are collinear")

2026-07-15 18:51:30,074:WARNING:D:\test-conda\lib\site-packages\sklearn\discriminant_analysis.py:935: UserWarning: Variables are collinear
  warnings.warn("Variables are collinear")

2026-07-15 18:51:30,074:WARNING:D:\test-conda\lib\site-packages\sklearn\discriminant_analysis.py:935: UserWarning: Variables are collinear
  warnings.warn("Variables are collinear")

2026-07-15 18:51:30,076:WARNING:D:\test-conda\lib\site-packages\sklearn\discriminant_analysis.py:935: UserWarning: Variables are collinear
  warnings.warn("Variables are collinear")

2026-07-15 18:51:30,080:WARNING:D:\test-conda\lib\site-packages\sklearn\discriminant_analysis.py:935: UserWarning: Variables are collinear
  warnings.warn("Variables are collinear")

2026-07-15 18:51:30,082:WARNING:D:\test-conda\lib\site-packages\sklearn\metrics\_classification.py:1561: UserWarning: Note that pos_label (set to 'MM') is ignored when average != 'binary' (got 'weighted'). You may use labels=[pos_label] to specify a single positive class.
  warnings.warn(

2026-07-15 18:51:30,082:WARNING:D:\test-conda\lib\site-packages\sklearn\metrics\_classification.py:1561: UserWarning: Note that pos_label (set to 'MM') is ignored when average != 'binary' (got 'weighted'). You may use labels=[pos_label] to specify a single positive class.
  warnings.warn(

2026-07-15 18:51:30,082:WARNING:D:\test-conda\lib\site-packages\sklearn\metrics\_classification.py:1561: UserWarning: Note that pos_label (set to 'MM') is ignored when average != 'binary' (got 'weighted'). You may use labels=[pos_label] to specify a single positive class.
  warnings.warn(

2026-07-15 18:51:30,084:WARNING:D:\test-conda\lib\site-packages\sklearn\metrics\_classification.py:1561: UserWarning: Note that pos_label (set to 'MM') is ignored when average != 'binary' (got 'weighted'). You may use labels=[pos_label] to specify a single positive class.
  warnings.warn(

2026-07-15 18:51:30,084:WARNING:D:\test-conda\lib\site-packages\sklearn\metrics\_classification.py:1561: UserWarning: Note that pos_label (set to 'MM') is ignored when average != 'binary' (got 'weighted'). You may use labels=[pos_label] to specify a single positive class.
  warnings.warn(

2026-07-15 18:51:30,084:WARNING:D:\test-conda\lib\site-packages\sklearn\metrics\_classification.py:1561: UserWarning: Note that pos_label (set to 'MM') is ignored when average != 'binary' (got 'weighted'). You may use labels=[pos_label] to specify a single positive class.
  warnings.warn(

2026-07-15 18:51:30,084:WARNING:D:\test-conda\lib\site-packages\sklearn\discriminant_analysis.py:935: UserWarning: Variables are collinear
  warnings.warn("Variables are collinear")

2026-07-15 18:51:30,084:WARNING:D:\test-conda\lib\site-packages\sklearn\metrics\_classification.py:1561: UserWarning: Note that pos_label (set to 'MM') is ignored when average != 'binary' (got 'weighted'). You may use labels=[pos_label] to specify a single positive class.
  warnings.warn(

2026-07-15 18:51:30,084:WARNING:D:\test-conda\lib\site-packages\sklearn\metrics\_classification.py:1561: UserWarning: Note that pos_label (set to 'MM') is ignored when average != 'binary' (got 'weighted'). You may use labels=[pos_label] to specify a single positive class.
  warnings.warn(

2026-07-15 18:51:30,084:WARNING:D:\test-conda\lib\site-packages\sklearn\metrics\_classification.py:1561: UserWarning: Note that pos_label (set to 'MM') is ignored when average != 'binary' (got 'weighted'). You may use labels=[pos_label] to specify a single positive class.
  warnings.warn(

2026-07-15 18:51:30,084:WARNING:D:\test-conda\lib\site-packages\sklearn\metrics\_classification.py:1561: UserWarning: Note that pos_label (set to 'MM') is ignored when average != 'binary' (got 'weighted'). You may use labels=[pos_label] to specify a single positive class.
  warnings.warn(

2026-07-15 18:51:30,084:WARNING:D:\test-conda\lib\site-packages\sklearn\metrics\_classification.py:1561: UserWarning: Note that pos_label (set to 'MM') is ignored when average != 'binary' (got 'weighted'). You may use labels=[pos_label] to specify a single positive class.
  warnings.warn(

2026-07-15 18:51:30,084:WARNING:D:\test-conda\lib\site-packages\sklearn\metrics\_classification.py:1561: UserWarning: Note that pos_label (set to 'MM') is ignored when average != 'binary' (got 'weighted'). You may use labels=[pos_label] to specify a single positive class.
  warnings.warn(

2026-07-15 18:51:30,084:WARNING:D:\test-conda\lib\site-packages\sklearn\metrics\_classification.py:1561: UserWarning: Note that pos_label (set to 'MM') is ignored when average != 'binary' (got 'weighted'). You may use labels=[pos_label] to specify a single positive class.
  warnings.warn(

2026-07-15 18:51:30,084:WARNING:D:\test-conda\lib\site-packages\sklearn\metrics\_classification.py:1561: UserWarning: Note that pos_label (set to 'MM') is ignored when average != 'binary' (got 'weighted'). You may use labels=[pos_label] to specify a single positive class.
  warnings.warn(

2026-07-15 18:51:30,084:WARNING:D:\test-conda\lib\site-packages\sklearn\metrics\_classification.py:1561: UserWarning: Note that pos_label (set to 'MM') is ignored when average != 'binary' (got 'weighted'). You may use labels=[pos_label] to specify a single positive class.
  warnings.warn(

2026-07-15 18:51:30,086:WARNING:D:\test-conda\lib\site-packages\sklearn\metrics\_classification.py:1561: UserWarning: Note that pos_label (set to 'MM') is ignored when average != 'binary' (got 'weighted'). You may use labels=[pos_label] to specify a single positive class.
  warnings.warn(

2026-07-15 18:51:30,086:WARNING:D:\test-conda\lib\site-packages\sklearn\metrics\_classification.py:1561: UserWarning: Note that pos_label (set to 'MM') is ignored when average != 'binary' (got 'weighted'). You may use labels=[pos_label] to specify a single positive class.
  warnings.warn(

2026-07-15 18:51:30,086:WARNING:D:\test-conda\lib\site-packages\sklearn\metrics\_classification.py:1561: UserWarning: Note that pos_label (set to 'MM') is ignored when average != 'binary' (got 'weighted'). You may use labels=[pos_label] to specify a single positive class.
  warnings.warn(

2026-07-15 18:51:30,086:WARNING:D:\test-conda\lib\site-packages\sklearn\metrics\_classification.py:1561: UserWarning: Note that pos_label (set to 'MM') is ignored when average != 'binary' (got 'weighted'). You may use labels=[pos_label] to specify a single positive class.
  warnings.warn(

2026-07-15 18:51:30,088:WARNING:D:\test-conda\lib\site-packages\sklearn\metrics\_classification.py:1561: UserWarning: Note that pos_label (set to 'MM') is ignored when average != 'binary' (got 'weighted'). You may use labels=[pos_label] to specify a single positive class.
  warnings.warn(

2026-07-15 18:51:30,090:WARNING:D:\test-conda\lib\site-packages\sklearn\metrics\_classification.py:1561: UserWarning: Note that pos_label (set to 'MM') is ignored when average != 'binary' (got 'weighted'). You may use labels=[pos_label] to specify a single positive class.
  warnings.warn(

2026-07-15 18:51:30,090:WARNING:D:\test-conda\lib\site-packages\sklearn\metrics\_classification.py:1561: UserWarning: Note that pos_label (set to 'MM') is ignored when average != 'binary' (got 'weighted'). You may use labels=[pos_label] to specify a single positive class.
  warnings.warn(

2026-07-15 18:51:30,091:WARNING:D:\test-conda\lib\site-packages\sklearn\metrics\_classification.py:1561: UserWarning: Note that pos_label (set to 'MM') is ignored when average != 'binary' (got 'weighted'). You may use labels=[pos_label] to specify a single positive class.
  warnings.warn(

2026-07-15 18:51:30,092:WARNING:D:\test-conda\lib\site-packages\sklearn\metrics\_classification.py:1561: UserWarning: Note that pos_label (set to 'MM') is ignored when average != 'binary' (got 'weighted'). You may use labels=[pos_label] to specify a single positive class.
  warnings.warn(

2026-07-15 18:51:30,092:WARNING:D:\test-conda\lib\site-packages\sklearn\metrics\_classification.py:1561: UserWarning: Note that pos_label (set to 'MM') is ignored when average != 'binary' (got 'weighted'). You may use labels=[pos_label] to specify a single positive class.
  warnings.warn(

2026-07-15 18:51:30,096:WARNING:D:\test-conda\lib\site-packages\sklearn\metrics\_classification.py:1561: UserWarning: Note that pos_label (set to 'MM') is ignored when average != 'binary' (got 'weighted'). You may use labels=[pos_label] to specify a single positive class.
  warnings.warn(

2026-07-15 18:51:30,097:WARNING:D:\test-conda\lib\site-packages\sklearn\metrics\_classification.py:1561: UserWarning: Note that pos_label (set to 'MM') is ignored when average != 'binary' (got 'weighted'). You may use labels=[pos_label] to specify a single positive class.
  warnings.warn(

2026-07-15 18:51:30,098:WARNING:D:\test-conda\lib\site-packages\sklearn\metrics\_classification.py:1561: UserWarning: Note that pos_label (set to 'MM') is ignored when average != 'binary' (got 'weighted'). You may use labels=[pos_label] to specify a single positive class.
  warnings.warn(

2026-07-15 18:51:30,119:INFO:Calculating mean and std
2026-07-15 18:51:30,119:INFO:Creating metrics dataframe
2026-07-15 18:51:30,119:INFO:Uploading results into container
2026-07-15 18:51:30,119:INFO:Uploading model into container now
2026-07-15 18:51:30,119:INFO:_master_model_container: 8
2026-07-15 18:51:30,119:INFO:_display_container: 2
2026-07-15 18:51:30,119:INFO:QuadraticDiscriminantAnalysis(priors=None, reg_param=0.0,
                              store_covariance=False, tol=0.0001)
2026-07-15 18:51:30,119:INFO:create_model() successfully completed......................................
2026-07-15 18:51:30,213:INFO:SubProcess create_model() end ==================================
2026-07-15 18:51:30,213:INFO:Creating metrics dataframe
2026-07-15 18:51:30,213:INFO:Initializing Ada Boost Classifier
2026-07-15 18:51:30,213:INFO:Total runtime is 0.1935360550880432 minutes
2026-07-15 18:51:30,213:INFO:SubProcess create_model() called ==================================
2026-07-15 18:51:30,213:INFO:Initializing create_model()
2026-07-15 18:51:30,213:INFO:create_model(self=<pycaret.classification.oop.ClassificationExperiment object at 0x000001710A1B8D00>, estimator=ada, fold=StratifiedKFold(n_splits=10, random_state=None, shuffle=False), round=4, cross_validation=True, predict=True, fit_kwargs={}, groups=None, refit=False, probability_threshold=None, experiment_custom_tags=None, verbose=False, system=False, add_to_model_list=True, metrics=None, display=<pycaret.internal.display.display.CommonDisplay object at 0x000001717F1EE6B0>, model_only=True, return_train_score=False, error_score=0.0, kwargs={})
2026-07-15 18:51:30,213:INFO:Checking exceptions
2026-07-15 18:51:30,213:INFO:Importing libraries
2026-07-15 18:51:30,213:INFO:Copying training dataset
2026-07-15 18:51:30,213:INFO:Defining folds
2026-07-15 18:51:30,213:INFO:Declaring metric variables
2026-07-15 18:51:30,213:INFO:Importing untrained model
2026-07-15 18:51:30,213:INFO:Ada Boost Classifier Imported successfully
2026-07-15 18:51:30,213:INFO:Starting cross validation
2026-07-15 18:51:30,213:INFO:Cross validating with StratifiedKFold(n_splits=10, random_state=None, shuffle=False), n_jobs=-1
2026-07-15 18:51:30,253:WARNING:D:\test-conda\lib\site-packages\sklearn\ensemble\_weight_boosting.py:519: FutureWarning: The SAMME.R algorithm (the default) is deprecated and will be removed in 1.6. Use the SAMME algorithm to circumvent this warning.
  warnings.warn(

2026-07-15 18:51:30,253:WARNING:D:\test-conda\lib\site-packages\sklearn\ensemble\_weight_boosting.py:519: FutureWarning: The SAMME.R algorithm (the default) is deprecated and will be removed in 1.6. Use the SAMME algorithm to circumvent this warning.
  warnings.warn(

2026-07-15 18:51:30,253:WARNING:D:\test-conda\lib\site-packages\sklearn\ensemble\_weight_boosting.py:519: FutureWarning: The SAMME.R algorithm (the default) is deprecated and will be removed in 1.6. Use the SAMME algorithm to circumvent this warning.
  warnings.warn(

2026-07-15 18:51:30,253:WARNING:D:\test-conda\lib\site-packages\sklearn\ensemble\_weight_boosting.py:519: FutureWarning: The SAMME.R algorithm (the default) is deprecated and will be removed in 1.6. Use the SAMME algorithm to circumvent this warning.
  warnings.warn(

2026-07-15 18:51:30,253:WARNING:D:\test-conda\lib\site-packages\sklearn\ensemble\_weight_boosting.py:519: FutureWarning: The SAMME.R algorithm (the default) is deprecated and will be removed in 1.6. Use the SAMME algorithm to circumvent this warning.
  warnings.warn(

2026-07-15 18:51:30,253:WARNING:D:\test-conda\lib\site-packages\sklearn\ensemble\_weight_boosting.py:519: FutureWarning: The SAMME.R algorithm (the default) is deprecated and will be removed in 1.6. Use the SAMME algorithm to circumvent this warning.
  warnings.warn(

2026-07-15 18:51:30,253:WARNING:D:\test-conda\lib\site-packages\sklearn\ensemble\_weight_boosting.py:519: FutureWarning: The SAMME.R algorithm (the default) is deprecated and will be removed in 1.6. Use the SAMME algorithm to circumvent this warning.
  warnings.warn(

2026-07-15 18:51:30,256:WARNING:D:\test-conda\lib\site-packages\sklearn\ensemble\_weight_boosting.py:519: FutureWarning: The SAMME.R algorithm (the default) is deprecated and will be removed in 1.6. Use the SAMME algorithm to circumvent this warning.
  warnings.warn(

2026-07-15 18:51:30,308:WARNING:D:\test-conda\lib\site-packages\sklearn\metrics\_classification.py:1561: UserWarning: Note that pos_label (set to 'MM') is ignored when average != 'binary' (got 'weighted'). You may use labels=[pos_label] to specify a single positive class.
  warnings.warn(

2026-07-15 18:51:30,308:WARNING:D:\test-conda\lib\site-packages\sklearn\metrics\_classification.py:1561: UserWarning: Note that pos_label (set to 'MM') is ignored when average != 'binary' (got 'weighted'). You may use labels=[pos_label] to specify a single positive class.
  warnings.warn(

2026-07-15 18:51:30,308:WARNING:D:\test-conda\lib\site-packages\sklearn\metrics\_classification.py:1561: UserWarning: Note that pos_label (set to 'MM') is ignored when average != 'binary' (got 'weighted'). You may use labels=[pos_label] to specify a single positive class.
  warnings.warn(

2026-07-15 18:51:30,309:WARNING:D:\test-conda\lib\site-packages\sklearn\metrics\_classification.py:1561: UserWarning: Note that pos_label (set to 'MM') is ignored when average != 'binary' (got 'weighted'). You may use labels=[pos_label] to specify a single positive class.
  warnings.warn(

2026-07-15 18:51:30,309:WARNING:D:\test-conda\lib\site-packages\sklearn\metrics\_classification.py:1561: UserWarning: Note that pos_label (set to 'MM') is ignored when average != 'binary' (got 'weighted'). You may use labels=[pos_label] to specify a single positive class.
  warnings.warn(

2026-07-15 18:51:30,310:WARNING:D:\test-conda\lib\site-packages\sklearn\metrics\_classification.py:1561: UserWarning: Note that pos_label (set to 'MM') is ignored when average != 'binary' (got 'weighted'). You may use labels=[pos_label] to specify a single positive class.
  warnings.warn(

2026-07-15 18:51:30,310:WARNING:D:\test-conda\lib\site-packages\sklearn\metrics\_classification.py:1561: UserWarning: Note that pos_label (set to 'MM') is ignored when average != 'binary' (got 'weighted'). You may use labels=[pos_label] to specify a single positive class.
  warnings.warn(

2026-07-15 18:51:30,310:WARNING:D:\test-conda\lib\site-packages\sklearn\metrics\_classification.py:1561: UserWarning: Note that pos_label (set to 'MM') is ignored when average != 'binary' (got 'weighted'). You may use labels=[pos_label] to specify a single positive class.
  warnings.warn(

2026-07-15 18:51:30,310:WARNING:D:\test-conda\lib\site-packages\sklearn\metrics\_classification.py:1561: UserWarning: Note that pos_label (set to 'MM') is ignored when average != 'binary' (got 'weighted'). You may use labels=[pos_label] to specify a single positive class.
  warnings.warn(

2026-07-15 18:51:30,311:WARNING:D:\test-conda\lib\site-packages\sklearn\metrics\_classification.py:1561: UserWarning: Note that pos_label (set to 'MM') is ignored when average != 'binary' (got 'weighted'). You may use labels=[pos_label] to specify a single positive class.
  warnings.warn(

2026-07-15 18:51:30,311:WARNING:D:\test-conda\lib\site-packages\sklearn\metrics\_classification.py:1561: UserWarning: Note that pos_label (set to 'MM') is ignored when average != 'binary' (got 'weighted'). You may use labels=[pos_label] to specify a single positive class.
  warnings.warn(

2026-07-15 18:51:30,311:WARNING:D:\test-conda\lib\site-packages\sklearn\metrics\_classification.py:1561: UserWarning: Note that pos_label (set to 'MM') is ignored when average != 'binary' (got 'weighted'). You may use labels=[pos_label] to specify a single positive class.
  warnings.warn(

2026-07-15 18:51:30,312:WARNING:D:\test-conda\lib\site-packages\sklearn\metrics\_classification.py:1561: UserWarning: Note that pos_label (set to 'MM') is ignored when average != 'binary' (got 'weighted'). You may use labels=[pos_label] to specify a single positive class.
  warnings.warn(

2026-07-15 18:51:30,312:WARNING:D:\test-conda\lib\site-packages\sklearn\metrics\_classification.py:1561: UserWarning: Note that pos_label (set to 'MM') is ignored when average != 'binary' (got 'weighted'). You may use labels=[pos_label] to specify a single positive class.
  warnings.warn(

2026-07-15 18:51:30,313:WARNING:D:\test-conda\lib\site-packages\sklearn\metrics\_classification.py:1561: UserWarning: Note that pos_label (set to 'MM') is ignored when average != 'binary' (got 'weighted'). You may use labels=[pos_label] to specify a single positive class.
  warnings.warn(

2026-07-15 18:51:30,314:WARNING:D:\test-conda\lib\site-packages\sklearn\metrics\_classification.py:1561: UserWarning: Note that pos_label (set to 'MM') is ignored when average != 'binary' (got 'weighted'). You may use labels=[pos_label] to specify a single positive class.
  warnings.warn(

2026-07-15 18:51:30,315:WARNING:D:\test-conda\lib\site-packages\sklearn\metrics\_classification.py:1561: UserWarning: Note that pos_label (set to 'MM') is ignored when average != 'binary' (got 'weighted'). You may use labels=[pos_label] to specify a single positive class.
  warnings.warn(

2026-07-15 18:51:30,315:WARNING:D:\test-conda\lib\site-packages\sklearn\metrics\_classification.py:1561: UserWarning: Note that pos_label (set to 'MM') is ignored when average != 'binary' (got 'weighted'). You may use labels=[pos_label] to specify a single positive class.
  warnings.warn(

2026-07-15 18:51:30,316:WARNING:D:\test-conda\lib\site-packages\sklearn\metrics\_classification.py:1561: UserWarning: Note that pos_label (set to 'MM') is ignored when average != 'binary' (got 'weighted'). You may use labels=[pos_label] to specify a single positive class.
  warnings.warn(

2026-07-15 18:51:30,316:WARNING:D:\test-conda\lib\site-packages\sklearn\metrics\_classification.py:1561: UserWarning: Note that pos_label (set to 'MM') is ignored when average != 'binary' (got 'weighted'). You may use labels=[pos_label] to specify a single positive class.
  warnings.warn(

2026-07-15 18:51:30,316:WARNING:D:\test-conda\lib\site-packages\sklearn\metrics\_classification.py:1561: UserWarning: Note that pos_label (set to 'MM') is ignored when average != 'binary' (got 'weighted'). You may use labels=[pos_label] to specify a single positive class.
  warnings.warn(

2026-07-15 18:51:30,316:WARNING:D:\test-conda\lib\site-packages\sklearn\metrics\_classification.py:1561: UserWarning: Note that pos_label (set to 'MM') is ignored when average != 'binary' (got 'weighted'). You may use labels=[pos_label] to specify a single positive class.
  warnings.warn(

2026-07-15 18:51:30,317:WARNING:D:\test-conda\lib\site-packages\sklearn\metrics\_classification.py:1561: UserWarning: Note that pos_label (set to 'MM') is ignored when average != 'binary' (got 'weighted'). You may use labels=[pos_label] to specify a single positive class.
  warnings.warn(

2026-07-15 18:51:30,317:WARNING:D:\test-conda\lib\site-packages\sklearn\metrics\_classification.py:1561: UserWarning: Note that pos_label (set to 'MM') is ignored when average != 'binary' (got 'weighted'). You may use labels=[pos_label] to specify a single positive class.
  warnings.warn(

2026-07-15 18:51:30,317:WARNING:D:\test-conda\lib\site-packages\sklearn\metrics\_classification.py:1561: UserWarning: Note that pos_label (set to 'MM') is ignored when average != 'binary' (got 'weighted'). You may use labels=[pos_label] to specify a single positive class.
  warnings.warn(

2026-07-15 18:51:30,318:WARNING:D:\test-conda\lib\site-packages\sklearn\metrics\_classification.py:1561: UserWarning: Note that pos_label (set to 'MM') is ignored when average != 'binary' (got 'weighted'). You may use labels=[pos_label] to specify a single positive class.
  warnings.warn(

2026-07-15 18:51:30,318:WARNING:D:\test-conda\lib\site-packages\sklearn\metrics\_classification.py:1561: UserWarning: Note that pos_label (set to 'MM') is ignored when average != 'binary' (got 'weighted'). You may use labels=[pos_label] to specify a single positive class.
  warnings.warn(

2026-07-15 18:51:30,321:WARNING:D:\test-conda\lib\site-packages\sklearn\metrics\_classification.py:1561: UserWarning: Note that pos_label (set to 'MM') is ignored when average != 'binary' (got 'weighted'). You may use labels=[pos_label] to specify a single positive class.
  warnings.warn(

2026-07-15 18:51:30,321:WARNING:D:\test-conda\lib\site-packages\sklearn\metrics\_classification.py:1561: UserWarning: Note that pos_label (set to 'MM') is ignored when average != 'binary' (got 'weighted'). You may use labels=[pos_label] to specify a single positive class.
  warnings.warn(

2026-07-15 18:51:30,321:WARNING:D:\test-conda\lib\site-packages\sklearn\metrics\_classification.py:1561: UserWarning: Note that pos_label (set to 'MM') is ignored when average != 'binary' (got 'weighted'). You may use labels=[pos_label] to specify a single positive class.
  warnings.warn(

2026-07-15 18:51:30,337:INFO:Calculating mean and std
2026-07-15 18:51:30,337:INFO:Creating metrics dataframe
2026-07-15 18:51:30,337:INFO:Uploading results into container
2026-07-15 18:51:30,337:INFO:Uploading model into container now
2026-07-15 18:51:30,337:INFO:_master_model_container: 9
2026-07-15 18:51:30,337:INFO:_display_container: 2
2026-07-15 18:51:30,337:INFO:AdaBoostClassifier(algorithm='SAMME.R', estimator=None, learning_rate=1.0,
                   n_estimators=50, random_state=8095)
2026-07-15 18:51:30,337:INFO:create_model() successfully completed......................................
2026-07-15 18:51:30,431:INFO:SubProcess create_model() end ==================================
2026-07-15 18:51:30,431:INFO:Creating metrics dataframe
2026-07-15 18:51:30,444:INFO:Initializing Gradient Boosting Classifier
2026-07-15 18:51:30,444:INFO:Total runtime is 0.1973893086115519 minutes
2026-07-15 18:51:30,444:INFO:SubProcess create_model() called ==================================
2026-07-15 18:51:30,445:INFO:Initializing create_model()
2026-07-15 18:51:30,445:INFO:create_model(self=<pycaret.classification.oop.ClassificationExperiment object at 0x000001710A1B8D00>, estimator=gbc, fold=StratifiedKFold(n_splits=10, random_state=None, shuffle=False), round=4, cross_validation=True, predict=True, fit_kwargs={}, groups=None, refit=False, probability_threshold=None, experiment_custom_tags=None, verbose=False, system=False, add_to_model_list=True, metrics=None, display=<pycaret.internal.display.display.CommonDisplay object at 0x000001717F1EE6B0>, model_only=True, return_train_score=False, error_score=0.0, kwargs={})
2026-07-15 18:51:30,445:INFO:Checking exceptions
2026-07-15 18:51:30,445:INFO:Importing libraries
2026-07-15 18:51:30,445:INFO:Copying training dataset
2026-07-15 18:51:30,445:INFO:Defining folds
2026-07-15 18:51:30,445:INFO:Declaring metric variables
2026-07-15 18:51:30,445:INFO:Importing untrained model
2026-07-15 18:51:30,445:INFO:Gradient Boosting Classifier Imported successfully
2026-07-15 18:51:30,445:INFO:Starting cross validation
2026-07-15 18:51:30,445:INFO:Cross validating with StratifiedKFold(n_splits=10, random_state=None, shuffle=False), n_jobs=-1
2026-07-15 18:51:30,564:WARNING:D:\test-conda\lib\site-packages\sklearn\metrics\_classification.py:1561: UserWarning: Note that pos_label (set to 'MM') is ignored when average != 'binary' (got 'weighted'). You may use labels=[pos_label] to specify a single positive class.
  warnings.warn(

2026-07-15 18:51:30,564:WARNING:D:\test-conda\lib\site-packages\sklearn\metrics\_classification.py:1561: UserWarning: Note that pos_label (set to 'MM') is ignored when average != 'binary' (got 'weighted'). You may use labels=[pos_label] to specify a single positive class.
  warnings.warn(

2026-07-15 18:51:30,566:WARNING:D:\test-conda\lib\site-packages\sklearn\metrics\_classification.py:1561: UserWarning: Note that pos_label (set to 'MM') is ignored when average != 'binary' (got 'weighted'). You may use labels=[pos_label] to specify a single positive class.
  warnings.warn(

2026-07-15 18:51:30,572:WARNING:D:\test-conda\lib\site-packages\sklearn\metrics\_classification.py:1561: UserWarning: Note that pos_label (set to 'MM') is ignored when average != 'binary' (got 'weighted'). You may use labels=[pos_label] to specify a single positive class.
  warnings.warn(

2026-07-15 18:51:30,572:WARNING:D:\test-conda\lib\site-packages\sklearn\metrics\_classification.py:1561: UserWarning: Note that pos_label (set to 'MM') is ignored when average != 'binary' (got 'weighted'). You may use labels=[pos_label] to specify a single positive class.
  warnings.warn(

2026-07-15 18:51:30,572:WARNING:D:\test-conda\lib\site-packages\sklearn\metrics\_classification.py:1561: UserWarning: Note that pos_label (set to 'MM') is ignored when average != 'binary' (got 'weighted'). You may use labels=[pos_label] to specify a single positive class.
  warnings.warn(

2026-07-15 18:51:30,572:WARNING:D:\test-conda\lib\site-packages\sklearn\metrics\_classification.py:1561: UserWarning: Note that pos_label (set to 'MM') is ignored when average != 'binary' (got 'weighted'). You may use labels=[pos_label] to specify a single positive class.
  warnings.warn(

2026-07-15 18:51:30,572:WARNING:D:\test-conda\lib\site-packages\sklearn\metrics\_classification.py:1561: UserWarning: Note that pos_label (set to 'MM') is ignored when average != 'binary' (got 'weighted'). You may use labels=[pos_label] to specify a single positive class.
  warnings.warn(

2026-07-15 18:51:30,572:WARNING:D:\test-conda\lib\site-packages\sklearn\metrics\_classification.py:1561: UserWarning: Note that pos_label (set to 'MM') is ignored when average != 'binary' (got 'weighted'). You may use labels=[pos_label] to specify a single positive class.
  warnings.warn(

2026-07-15 18:51:30,572:WARNING:D:\test-conda\lib\site-packages\sklearn\metrics\_classification.py:1561: UserWarning: Note that pos_label (set to 'MM') is ignored when average != 'binary' (got 'weighted'). You may use labels=[pos_label] to specify a single positive class.
  warnings.warn(

2026-07-15 18:51:30,576:WARNING:D:\test-conda\lib\site-packages\sklearn\metrics\_classification.py:1561: UserWarning: Note that pos_label (set to 'MM') is ignored when average != 'binary' (got 'weighted'). You may use labels=[pos_label] to specify a single positive class.
  warnings.warn(

2026-07-15 18:51:30,576:WARNING:D:\test-conda\lib\site-packages\sklearn\metrics\_classification.py:1561: UserWarning: Note that pos_label (set to 'MM') is ignored when average != 'binary' (got 'weighted'). You may use labels=[pos_label] to specify a single positive class.
  warnings.warn(

2026-07-15 18:51:30,578:WARNING:D:\test-conda\lib\site-packages\sklearn\metrics\_classification.py:1561: UserWarning: Note that pos_label (set to 'MM') is ignored when average != 'binary' (got 'weighted'). You may use labels=[pos_label] to specify a single positive class.
  warnings.warn(

2026-07-15 18:51:30,578:WARNING:D:\test-conda\lib\site-packages\sklearn\metrics\_classification.py:1561: UserWarning: Note that pos_label (set to 'MM') is ignored when average != 'binary' (got 'weighted'). You may use labels=[pos_label] to specify a single positive class.
  warnings.warn(

2026-07-15 18:51:30,578:WARNING:D:\test-conda\lib\site-packages\sklearn\metrics\_classification.py:1561: UserWarning: Note that pos_label (set to 'MM') is ignored when average != 'binary' (got 'weighted'). You may use labels=[pos_label] to specify a single positive class.
  warnings.warn(

2026-07-15 18:51:30,578:WARNING:D:\test-conda\lib\site-packages\sklearn\metrics\_classification.py:1561: UserWarning: Note that pos_label (set to 'MM') is ignored when average != 'binary' (got 'weighted'). You may use labels=[pos_label] to specify a single positive class.
  warnings.warn(

2026-07-15 18:51:30,578:WARNING:D:\test-conda\lib\site-packages\sklearn\metrics\_classification.py:1561: UserWarning: Note that pos_label (set to 'MM') is ignored when average != 'binary' (got 'weighted'). You may use labels=[pos_label] to specify a single positive class.
  warnings.warn(

2026-07-15 18:51:30,578:WARNING:D:\test-conda\lib\site-packages\sklearn\metrics\_classification.py:1561: UserWarning: Note that pos_label (set to 'MM') is ignored when average != 'binary' (got 'weighted'). You may use labels=[pos_label] to specify a single positive class.
  warnings.warn(

2026-07-15 18:51:30,578:WARNING:D:\test-conda\lib\site-packages\sklearn\metrics\_classification.py:1561: UserWarning: Note that pos_label (set to 'MM') is ignored when average != 'binary' (got 'weighted'). You may use labels=[pos_label] to specify a single positive class.
  warnings.warn(

2026-07-15 18:51:30,578:WARNING:D:\test-conda\lib\site-packages\sklearn\metrics\_classification.py:1561: UserWarning: Note that pos_label (set to 'MM') is ignored when average != 'binary' (got 'weighted'). You may use labels=[pos_label] to specify a single positive class.
  warnings.warn(

2026-07-15 18:51:30,578:WARNING:D:\test-conda\lib\site-packages\sklearn\metrics\_classification.py:1561: UserWarning: Note that pos_label (set to 'MM') is ignored when average != 'binary' (got 'weighted'). You may use labels=[pos_label] to specify a single positive class.
  warnings.warn(

2026-07-15 18:51:30,578:WARNING:D:\test-conda\lib\site-packages\sklearn\metrics\_classification.py:1561: UserWarning: Note that pos_label (set to 'MM') is ignored when average != 'binary' (got 'weighted'). You may use labels=[pos_label] to specify a single positive class.
  warnings.warn(

2026-07-15 18:51:30,578:WARNING:D:\test-conda\lib\site-packages\sklearn\metrics\_classification.py:1561: UserWarning: Note that pos_label (set to 'MM') is ignored when average != 'binary' (got 'weighted'). You may use labels=[pos_label] to specify a single positive class.
  warnings.warn(

2026-07-15 18:51:30,578:WARNING:D:\test-conda\lib\site-packages\sklearn\metrics\_classification.py:1561: UserWarning: Note that pos_label (set to 'MM') is ignored when average != 'binary' (got 'weighted'). You may use labels=[pos_label] to specify a single positive class.
  warnings.warn(

2026-07-15 18:51:30,578:WARNING:D:\test-conda\lib\site-packages\sklearn\metrics\_classification.py:1561: UserWarning: Note that pos_label (set to 'MM') is ignored when average != 'binary' (got 'weighted'). You may use labels=[pos_label] to specify a single positive class.
  warnings.warn(

2026-07-15 18:51:30,578:WARNING:D:\test-conda\lib\site-packages\sklearn\metrics\_classification.py:1561: UserWarning: Note that pos_label (set to 'MM') is ignored when average != 'binary' (got 'weighted'). You may use labels=[pos_label] to specify a single positive class.
  warnings.warn(

2026-07-15 18:51:30,593:WARNING:D:\test-conda\lib\site-packages\sklearn\metrics\_classification.py:1561: UserWarning: Note that pos_label (set to 'MM') is ignored when average != 'binary' (got 'weighted'). You may use labels=[pos_label] to specify a single positive class.
  warnings.warn(

2026-07-15 18:51:30,595:WARNING:D:\test-conda\lib\site-packages\sklearn\metrics\_classification.py:1561: UserWarning: Note that pos_label (set to 'MM') is ignored when average != 'binary' (got 'weighted'). You may use labels=[pos_label] to specify a single positive class.
  warnings.warn(

2026-07-15 18:51:30,595:WARNING:D:\test-conda\lib\site-packages\sklearn\metrics\_classification.py:1561: UserWarning: Note that pos_label (set to 'MM') is ignored when average != 'binary' (got 'weighted'). You may use labels=[pos_label] to specify a single positive class.
  warnings.warn(

2026-07-15 18:51:30,595:WARNING:D:\test-conda\lib\site-packages\sklearn\metrics\_classification.py:1561: UserWarning: Note that pos_label (set to 'MM') is ignored when average != 'binary' (got 'weighted'). You may use labels=[pos_label] to specify a single positive class.
  warnings.warn(

2026-07-15 18:51:30,608:INFO:Calculating mean and std
2026-07-15 18:51:30,608:INFO:Creating metrics dataframe
2026-07-15 18:51:30,608:INFO:Uploading results into container
2026-07-15 18:51:30,608:INFO:Uploading model into container now
2026-07-15 18:51:30,608:INFO:_master_model_container: 10
2026-07-15 18:51:30,608:INFO:_display_container: 2
2026-07-15 18:51:30,608:INFO:GradientBoostingClassifier(ccp_alpha=0.0, criterion='friedman_mse', init=None,
                           learning_rate=0.1, loss='log_loss', max_depth=3,
                           max_features=None, max_leaf_nodes=None,
                           min_impurity_decrease=0.0, min_samples_leaf=1,
                           min_samples_split=2, min_weight_fraction_leaf=0.0,
                           n_estimators=100, n_iter_no_change=None,
                           random_state=8095, subsample=1.0, tol=0.0001,
                           validation_fraction=0.1, verbose=0,
                           warm_start=False)
2026-07-15 18:51:30,608:INFO:create_model() successfully completed......................................
2026-07-15 18:51:30,699:INFO:SubProcess create_model() end ==================================
2026-07-15 18:51:30,699:INFO:Creating metrics dataframe
2026-07-15 18:51:30,699:INFO:Initializing Linear Discriminant Analysis
2026-07-15 18:51:30,699:INFO:Total runtime is 0.2016371965408325 minutes
2026-07-15 18:51:30,699:INFO:SubProcess create_model() called ==================================
2026-07-15 18:51:30,699:INFO:Initializing create_model()
2026-07-15 18:51:30,699:INFO:create_model(self=<pycaret.classification.oop.ClassificationExperiment object at 0x000001710A1B8D00>, estimator=lda, fold=StratifiedKFold(n_splits=10, random_state=None, shuffle=False), round=4, cross_validation=True, predict=True, fit_kwargs={}, groups=None, refit=False, probability_threshold=None, experiment_custom_tags=None, verbose=False, system=False, add_to_model_list=True, metrics=None, display=<pycaret.internal.display.display.CommonDisplay object at 0x000001717F1EE6B0>, model_only=True, return_train_score=False, error_score=0.0, kwargs={})
2026-07-15 18:51:30,699:INFO:Checking exceptions
2026-07-15 18:51:30,699:INFO:Importing libraries
2026-07-15 18:51:30,699:INFO:Copying training dataset
2026-07-15 18:51:30,716:INFO:Defining folds
2026-07-15 18:51:30,716:INFO:Declaring metric variables
2026-07-15 18:51:30,716:INFO:Importing untrained model
2026-07-15 18:51:30,716:INFO:Linear Discriminant Analysis Imported successfully
2026-07-15 18:51:30,716:INFO:Starting cross validation
2026-07-15 18:51:30,717:INFO:Cross validating with StratifiedKFold(n_splits=10, random_state=None, shuffle=False), n_jobs=-1
2026-07-15 18:51:30,747:WARNING:D:\test-conda\lib\site-packages\sklearn\metrics\_classification.py:1561: UserWarning: Note that pos_label (set to 'MM') is ignored when average != 'binary' (got 'weighted'). You may use labels=[pos_label] to specify a single positive class.
  warnings.warn(

2026-07-15 18:51:30,747:WARNING:D:\test-conda\lib\site-packages\sklearn\metrics\_classification.py:1561: UserWarning: Note that pos_label (set to 'MM') is ignored when average != 'binary' (got 'weighted'). You may use labels=[pos_label] to specify a single positive class.
  warnings.warn(

2026-07-15 18:51:30,747:WARNING:D:\test-conda\lib\site-packages\sklearn\metrics\_classification.py:1561: UserWarning: Note that pos_label (set to 'MM') is ignored when average != 'binary' (got 'weighted'). You may use labels=[pos_label] to specify a single positive class.
  warnings.warn(

2026-07-15 18:51:30,747:WARNING:D:\test-conda\lib\site-packages\sklearn\metrics\_classification.py:1561: UserWarning: Note that pos_label (set to 'MM') is ignored when average != 'binary' (got 'weighted'). You may use labels=[pos_label] to specify a single positive class.
  warnings.warn(

2026-07-15 18:51:30,750:WARNING:D:\test-conda\lib\site-packages\sklearn\metrics\_classification.py:1561: UserWarning: Note that pos_label (set to 'MM') is ignored when average != 'binary' (got 'weighted'). You may use labels=[pos_label] to specify a single positive class.
  warnings.warn(

2026-07-15 18:51:30,750:WARNING:D:\test-conda\lib\site-packages\sklearn\metrics\_classification.py:1561: UserWarning: Note that pos_label (set to 'MM') is ignored when average != 'binary' (got 'weighted'). You may use labels=[pos_label] to specify a single positive class.
  warnings.warn(

2026-07-15 18:51:30,750:WARNING:D:\test-conda\lib\site-packages\sklearn\metrics\_classification.py:1561: UserWarning: Note that pos_label (set to 'MM') is ignored when average != 'binary' (got 'weighted'). You may use labels=[pos_label] to specify a single positive class.
  warnings.warn(

2026-07-15 18:51:30,750:WARNING:D:\test-conda\lib\site-packages\sklearn\metrics\_classification.py:1561: UserWarning: Note that pos_label (set to 'MM') is ignored when average != 'binary' (got 'weighted'). You may use labels=[pos_label] to specify a single positive class.
  warnings.warn(

2026-07-15 18:51:30,750:WARNING:D:\test-conda\lib\site-packages\sklearn\metrics\_classification.py:1561: UserWarning: Note that pos_label (set to 'MM') is ignored when average != 'binary' (got 'weighted'). You may use labels=[pos_label] to specify a single positive class.
  warnings.warn(

2026-07-15 18:51:30,750:WARNING:D:\test-conda\lib\site-packages\sklearn\metrics\_classification.py:1561: UserWarning: Note that pos_label (set to 'MM') is ignored when average != 'binary' (got 'weighted'). You may use labels=[pos_label] to specify a single positive class.
  warnings.warn(

2026-07-15 18:51:30,750:WARNING:D:\test-conda\lib\site-packages\sklearn\metrics\_classification.py:1561: UserWarning: Note that pos_label (set to 'MM') is ignored when average != 'binary' (got 'weighted'). You may use labels=[pos_label] to specify a single positive class.
  warnings.warn(

2026-07-15 18:51:30,752:WARNING:D:\test-conda\lib\site-packages\sklearn\metrics\_classification.py:1561: UserWarning: Note that pos_label (set to 'MM') is ignored when average != 'binary' (got 'weighted'). You may use labels=[pos_label] to specify a single positive class.
  warnings.warn(

2026-07-15 18:51:30,752:WARNING:D:\test-conda\lib\site-packages\sklearn\metrics\_classification.py:1561: UserWarning: Note that pos_label (set to 'MM') is ignored when average != 'binary' (got 'weighted'). You may use labels=[pos_label] to specify a single positive class.
  warnings.warn(

2026-07-15 18:51:30,752:WARNING:D:\test-conda\lib\site-packages\sklearn\metrics\_classification.py:1561: UserWarning: Note that pos_label (set to 'MM') is ignored when average != 'binary' (got 'weighted'). You may use labels=[pos_label] to specify a single positive class.
  warnings.warn(

2026-07-15 18:51:30,754:WARNING:D:\test-conda\lib\site-packages\sklearn\metrics\_classification.py:1561: UserWarning: Note that pos_label (set to 'MM') is ignored when average != 'binary' (got 'weighted'). You may use labels=[pos_label] to specify a single positive class.
  warnings.warn(

2026-07-15 18:51:30,754:WARNING:D:\test-conda\lib\site-packages\sklearn\metrics\_classification.py:1561: UserWarning: Note that pos_label (set to 'MM') is ignored when average != 'binary' (got 'weighted'). You may use labels=[pos_label] to specify a single positive class.
  warnings.warn(

2026-07-15 18:51:30,754:WARNING:D:\test-conda\lib\site-packages\sklearn\metrics\_classification.py:1561: UserWarning: Note that pos_label (set to 'MM') is ignored when average != 'binary' (got 'weighted'). You may use labels=[pos_label] to specify a single positive class.
  warnings.warn(

2026-07-15 18:51:30,754:WARNING:D:\test-conda\lib\site-packages\sklearn\metrics\_classification.py:1561: UserWarning: Note that pos_label (set to 'MM') is ignored when average != 'binary' (got 'weighted'). You may use labels=[pos_label] to specify a single positive class.
  warnings.warn(

2026-07-15 18:51:30,754:WARNING:D:\test-conda\lib\site-packages\sklearn\metrics\_classification.py:1561: UserWarning: Note that pos_label (set to 'MM') is ignored when average != 'binary' (got 'weighted'). You may use labels=[pos_label] to specify a single positive class.
  warnings.warn(

2026-07-15 18:51:30,756:WARNING:D:\test-conda\lib\site-packages\sklearn\metrics\_classification.py:1561: UserWarning: Note that pos_label (set to 'MM') is ignored when average != 'binary' (got 'weighted'). You may use labels=[pos_label] to specify a single positive class.
  warnings.warn(

2026-07-15 18:51:30,756:WARNING:D:\test-conda\lib\site-packages\sklearn\metrics\_classification.py:1561: UserWarning: Note that pos_label (set to 'MM') is ignored when average != 'binary' (got 'weighted'). You may use labels=[pos_label] to specify a single positive class.
  warnings.warn(

2026-07-15 18:51:30,759:WARNING:D:\test-conda\lib\site-packages\sklearn\metrics\_classification.py:1561: UserWarning: Note that pos_label (set to 'MM') is ignored when average != 'binary' (got 'weighted'). You may use labels=[pos_label] to specify a single positive class.
  warnings.warn(

2026-07-15 18:51:30,759:WARNING:D:\test-conda\lib\site-packages\sklearn\metrics\_classification.py:1561: UserWarning: Note that pos_label (set to 'MM') is ignored when average != 'binary' (got 'weighted'). You may use labels=[pos_label] to specify a single positive class.
  warnings.warn(

2026-07-15 18:51:30,759:WARNING:D:\test-conda\lib\site-packages\sklearn\metrics\_classification.py:1561: UserWarning: Note that pos_label (set to 'MM') is ignored when average != 'binary' (got 'weighted'). You may use labels=[pos_label] to specify a single positive class.
  warnings.warn(

2026-07-15 18:51:30,759:WARNING:D:\test-conda\lib\site-packages\sklearn\metrics\_classification.py:1561: UserWarning: Note that pos_label (set to 'MM') is ignored when average != 'binary' (got 'weighted'). You may use labels=[pos_label] to specify a single positive class.
  warnings.warn(

2026-07-15 18:51:30,759:WARNING:D:\test-conda\lib\site-packages\sklearn\metrics\_classification.py:1561: UserWarning: Note that pos_label (set to 'MM') is ignored when average != 'binary' (got 'weighted'). You may use labels=[pos_label] to specify a single positive class.
  warnings.warn(

2026-07-15 18:51:30,759:WARNING:D:\test-conda\lib\site-packages\sklearn\metrics\_classification.py:1561: UserWarning: Note that pos_label (set to 'MM') is ignored when average != 'binary' (got 'weighted'). You may use labels=[pos_label] to specify a single positive class.
  warnings.warn(

2026-07-15 18:51:30,759:WARNING:D:\test-conda\lib\site-packages\sklearn\metrics\_classification.py:1561: UserWarning: Note that pos_label (set to 'MM') is ignored when average != 'binary' (got 'weighted'). You may use labels=[pos_label] to specify a single positive class.
  warnings.warn(

2026-07-15 18:51:30,759:WARNING:D:\test-conda\lib\site-packages\sklearn\metrics\_classification.py:1561: UserWarning: Note that pos_label (set to 'MM') is ignored when average != 'binary' (got 'weighted'). You may use labels=[pos_label] to specify a single positive class.
  warnings.warn(

2026-07-15 18:51:30,759:WARNING:D:\test-conda\lib\site-packages\sklearn\metrics\_classification.py:1561: UserWarning: Note that pos_label (set to 'MM') is ignored when average != 'binary' (got 'weighted'). You may use labels=[pos_label] to specify a single positive class.
  warnings.warn(

2026-07-15 18:51:30,775:INFO:Calculating mean and std
2026-07-15 18:51:30,775:INFO:Creating metrics dataframe
2026-07-15 18:51:30,775:INFO:Uploading results into container
2026-07-15 18:51:30,775:INFO:Uploading model into container now
2026-07-15 18:51:30,775:INFO:_master_model_container: 11
2026-07-15 18:51:30,775:INFO:_display_container: 2
2026-07-15 18:51:30,775:INFO:LinearDiscriminantAnalysis(covariance_estimator=None, n_components=None,
                           priors=None, shrinkage=None, solver='svd',
                           store_covariance=False, tol=0.0001)
2026-07-15 18:51:30,775:INFO:create_model() successfully completed......................................
2026-07-15 18:51:30,869:INFO:SubProcess create_model() end ==================================
2026-07-15 18:51:30,869:INFO:Creating metrics dataframe
2026-07-15 18:51:30,869:INFO:Initializing Extra Trees Classifier
2026-07-15 18:51:30,869:INFO:Total runtime is 0.20447041193644205 minutes
2026-07-15 18:51:30,869:INFO:SubProcess create_model() called ==================================
2026-07-15 18:51:30,869:INFO:Initializing create_model()
2026-07-15 18:51:30,869:INFO:create_model(self=<pycaret.classification.oop.ClassificationExperiment object at 0x000001710A1B8D00>, estimator=et, fold=StratifiedKFold(n_splits=10, random_state=None, shuffle=False), round=4, cross_validation=True, predict=True, fit_kwargs={}, groups=None, refit=False, probability_threshold=None, experiment_custom_tags=None, verbose=False, system=False, add_to_model_list=True, metrics=None, display=<pycaret.internal.display.display.CommonDisplay object at 0x000001717F1EE6B0>, model_only=True, return_train_score=False, error_score=0.0, kwargs={})
2026-07-15 18:51:30,869:INFO:Checking exceptions
2026-07-15 18:51:30,869:INFO:Importing libraries
2026-07-15 18:51:30,869:INFO:Copying training dataset
2026-07-15 18:51:30,869:INFO:Defining folds
2026-07-15 18:51:30,869:INFO:Declaring metric variables
2026-07-15 18:51:30,869:INFO:Importing untrained model
2026-07-15 18:51:30,869:INFO:Extra Trees Classifier Imported successfully
2026-07-15 18:51:30,869:INFO:Starting cross validation
2026-07-15 18:51:30,869:INFO:Cross validating with StratifiedKFold(n_splits=10, random_state=None, shuffle=False), n_jobs=-1
2026-07-15 18:51:31,026:WARNING:D:\test-conda\lib\site-packages\sklearn\metrics\_classification.py:1561: UserWarning: Note that pos_label (set to 'MM') is ignored when average != 'binary' (got 'weighted'). You may use labels=[pos_label] to specify a single positive class.
  warnings.warn(

2026-07-15 18:51:31,026:WARNING:D:\test-conda\lib\site-packages\sklearn\metrics\_classification.py:1561: UserWarning: Note that pos_label (set to 'MM') is ignored when average != 'binary' (got 'weighted'). You may use labels=[pos_label] to specify a single positive class.
  warnings.warn(

2026-07-15 18:51:31,026:WARNING:D:\test-conda\lib\site-packages\sklearn\metrics\_classification.py:1561: UserWarning: Note that pos_label (set to 'MM') is ignored when average != 'binary' (got 'weighted'). You may use labels=[pos_label] to specify a single positive class.
  warnings.warn(

2026-07-15 18:51:31,026:WARNING:D:\test-conda\lib\site-packages\sklearn\metrics\_classification.py:1561: UserWarning: Note that pos_label (set to 'MM') is ignored when average != 'binary' (got 'weighted'). You may use labels=[pos_label] to specify a single positive class.
  warnings.warn(

2026-07-15 18:51:31,026:WARNING:D:\test-conda\lib\site-packages\sklearn\metrics\_classification.py:1561: UserWarning: Note that pos_label (set to 'MM') is ignored when average != 'binary' (got 'weighted'). You may use labels=[pos_label] to specify a single positive class.
  warnings.warn(

2026-07-15 18:51:31,026:WARNING:D:\test-conda\lib\site-packages\sklearn\metrics\_classification.py:1561: UserWarning: Note that pos_label (set to 'MM') is ignored when average != 'binary' (got 'weighted'). You may use labels=[pos_label] to specify a single positive class.
  warnings.warn(

2026-07-15 18:51:31,026:WARNING:D:\test-conda\lib\site-packages\sklearn\metrics\_classification.py:1561: UserWarning: Note that pos_label (set to 'MM') is ignored when average != 'binary' (got 'weighted'). You may use labels=[pos_label] to specify a single positive class.
  warnings.warn(

2026-07-15 18:51:31,026:WARNING:D:\test-conda\lib\site-packages\sklearn\metrics\_classification.py:1561: UserWarning: Note that pos_label (set to 'MM') is ignored when average != 'binary' (got 'weighted'). You may use labels=[pos_label] to specify a single positive class.
  warnings.warn(

2026-07-15 18:51:31,026:WARNING:D:\test-conda\lib\site-packages\sklearn\metrics\_classification.py:1561: UserWarning: Note that pos_label (set to 'MM') is ignored when average != 'binary' (got 'weighted'). You may use labels=[pos_label] to specify a single positive class.
  warnings.warn(

2026-07-15 18:51:31,026:WARNING:D:\test-conda\lib\site-packages\sklearn\metrics\_classification.py:1561: UserWarning: Note that pos_label (set to 'MM') is ignored when average != 'binary' (got 'weighted'). You may use labels=[pos_label] to specify a single positive class.
  warnings.warn(

2026-07-15 18:51:31,026:WARNING:D:\test-conda\lib\site-packages\sklearn\metrics\_classification.py:1561: UserWarning: Note that pos_label (set to 'MM') is ignored when average != 'binary' (got 'weighted'). You may use labels=[pos_label] to specify a single positive class.
  warnings.warn(

2026-07-15 18:51:31,026:WARNING:D:\test-conda\lib\site-packages\sklearn\metrics\_classification.py:1561: UserWarning: Note that pos_label (set to 'MM') is ignored when average != 'binary' (got 'weighted'). You may use labels=[pos_label] to specify a single positive class.
  warnings.warn(

2026-07-15 18:51:31,026:WARNING:D:\test-conda\lib\site-packages\sklearn\metrics\_classification.py:1561: UserWarning: Note that pos_label (set to 'MM') is ignored when average != 'binary' (got 'weighted'). You may use labels=[pos_label] to specify a single positive class.
  warnings.warn(

2026-07-15 18:51:31,026:WARNING:D:\test-conda\lib\site-packages\sklearn\metrics\_classification.py:1561: UserWarning: Note that pos_label (set to 'MM') is ignored when average != 'binary' (got 'weighted'). You may use labels=[pos_label] to specify a single positive class.
  warnings.warn(

2026-07-15 18:51:31,026:WARNING:D:\test-conda\lib\site-packages\sklearn\metrics\_classification.py:1561: UserWarning: Note that pos_label (set to 'MM') is ignored when average != 'binary' (got 'weighted'). You may use labels=[pos_label] to specify a single positive class.
  warnings.warn(

2026-07-15 18:51:31,026:WARNING:D:\test-conda\lib\site-packages\sklearn\metrics\_classification.py:1561: UserWarning: Note that pos_label (set to 'MM') is ignored when average != 'binary' (got 'weighted'). You may use labels=[pos_label] to specify a single positive class.
  warnings.warn(

2026-07-15 18:51:31,026:WARNING:D:\test-conda\lib\site-packages\sklearn\metrics\_classification.py:1561: UserWarning: Note that pos_label (set to 'MM') is ignored when average != 'binary' (got 'weighted'). You may use labels=[pos_label] to specify a single positive class.
  warnings.warn(

2026-07-15 18:51:31,026:WARNING:D:\test-conda\lib\site-packages\sklearn\metrics\_classification.py:1561: UserWarning: Note that pos_label (set to 'MM') is ignored when average != 'binary' (got 'weighted'). You may use labels=[pos_label] to specify a single positive class.
  warnings.warn(

2026-07-15 18:51:31,026:WARNING:D:\test-conda\lib\site-packages\sklearn\metrics\_classification.py:1561: UserWarning: Note that pos_label (set to 'MM') is ignored when average != 'binary' (got 'weighted'). You may use labels=[pos_label] to specify a single positive class.
  warnings.warn(

2026-07-15 18:51:31,026:WARNING:D:\test-conda\lib\site-packages\sklearn\metrics\_classification.py:1561: UserWarning: Note that pos_label (set to 'MM') is ignored when average != 'binary' (got 'weighted'). You may use labels=[pos_label] to specify a single positive class.
  warnings.warn(

2026-07-15 18:51:31,026:WARNING:D:\test-conda\lib\site-packages\sklearn\metrics\_classification.py:1561: UserWarning: Note that pos_label (set to 'MM') is ignored when average != 'binary' (got 'weighted'). You may use labels=[pos_label] to specify a single positive class.
  warnings.warn(

2026-07-15 18:51:31,060:WARNING:D:\test-conda\lib\site-packages\sklearn\metrics\_classification.py:1561: UserWarning: Note that pos_label (set to 'MM') is ignored when average != 'binary' (got 'weighted'). You may use labels=[pos_label] to specify a single positive class.
  warnings.warn(

2026-07-15 18:51:31,061:WARNING:D:\test-conda\lib\site-packages\sklearn\metrics\_classification.py:1561: UserWarning: Note that pos_label (set to 'MM') is ignored when average != 'binary' (got 'weighted'). You may use labels=[pos_label] to specify a single positive class.
  warnings.warn(

2026-07-15 18:51:31,062:WARNING:D:\test-conda\lib\site-packages\sklearn\metrics\_classification.py:1561: UserWarning: Note that pos_label (set to 'MM') is ignored when average != 'binary' (got 'weighted'). You may use labels=[pos_label] to specify a single positive class.
  warnings.warn(

2026-07-15 18:51:31,062:WARNING:D:\test-conda\lib\site-packages\sklearn\metrics\_classification.py:1561: UserWarning: Note that pos_label (set to 'MM') is ignored when average != 'binary' (got 'weighted'). You may use labels=[pos_label] to specify a single positive class.
  warnings.warn(

2026-07-15 18:51:31,063:WARNING:D:\test-conda\lib\site-packages\sklearn\metrics\_classification.py:1561: UserWarning: Note that pos_label (set to 'MM') is ignored when average != 'binary' (got 'weighted'). You may use labels=[pos_label] to specify a single positive class.
  warnings.warn(

2026-07-15 18:51:31,064:WARNING:D:\test-conda\lib\site-packages\sklearn\metrics\_classification.py:1561: UserWarning: Note that pos_label (set to 'MM') is ignored when average != 'binary' (got 'weighted'). You may use labels=[pos_label] to specify a single positive class.
  warnings.warn(

2026-07-15 18:51:31,087:INFO:Calculating mean and std
2026-07-15 18:51:31,087:INFO:Creating metrics dataframe
2026-07-15 18:51:31,087:INFO:Uploading results into container
2026-07-15 18:51:31,087:INFO:Uploading model into container now
2026-07-15 18:51:31,087:INFO:_master_model_container: 12
2026-07-15 18:51:31,087:INFO:_display_container: 2
2026-07-15 18:51:31,087:INFO:ExtraTreesClassifier(bootstrap=False, ccp_alpha=0.0, class_weight=None,
                     criterion='gini', max_depth=None, max_features='sqrt',
                     max_leaf_nodes=None, max_samples=None,
                     min_impurity_decrease=0.0, min_samples_leaf=1,
                     min_samples_split=2, min_weight_fraction_leaf=0.0,
                     monotonic_cst=None, n_estimators=100, n_jobs=-1,
                     oob_score=False, random_state=8095, verbose=0,
                     warm_start=False)
2026-07-15 18:51:31,087:INFO:create_model() successfully completed......................................
2026-07-15 18:51:31,181:INFO:SubProcess create_model() end ==================================
2026-07-15 18:51:31,181:INFO:Creating metrics dataframe
2026-07-15 18:51:31,181:INFO:Initializing Extreme Gradient Boosting
2026-07-15 18:51:31,181:INFO:Total runtime is 0.2096746842066447 minutes
2026-07-15 18:51:31,181:INFO:SubProcess create_model() called ==================================
2026-07-15 18:51:31,181:INFO:Initializing create_model()
2026-07-15 18:51:31,181:INFO:create_model(self=<pycaret.classification.oop.ClassificationExperiment object at 0x000001710A1B8D00>, estimator=xgboost, fold=StratifiedKFold(n_splits=10, random_state=None, shuffle=False), round=4, cross_validation=True, predict=True, fit_kwargs={}, groups=None, refit=False, probability_threshold=None, experiment_custom_tags=None, verbose=False, system=False, add_to_model_list=True, metrics=None, display=<pycaret.internal.display.display.CommonDisplay object at 0x000001717F1EE6B0>, model_only=True, return_train_score=False, error_score=0.0, kwargs={})
2026-07-15 18:51:31,181:INFO:Checking exceptions
2026-07-15 18:51:31,181:INFO:Importing libraries
2026-07-15 18:51:31,181:INFO:Copying training dataset
2026-07-15 18:51:31,181:INFO:Defining folds
2026-07-15 18:51:31,181:INFO:Declaring metric variables
2026-07-15 18:51:31,181:INFO:Importing untrained model
2026-07-15 18:51:31,181:INFO:Extreme Gradient Boosting Imported successfully
2026-07-15 18:51:31,197:INFO:Starting cross validation
2026-07-15 18:51:31,197:INFO:Cross validating with StratifiedKFold(n_splits=10, random_state=None, shuffle=False), n_jobs=-1
2026-07-15 18:51:31,731:WARNING:D:\test-conda\lib\site-packages\sklearn\metrics\_classification.py:1561: UserWarning: Note that pos_label (set to 'MM') is ignored when average != 'binary' (got 'weighted'). You may use labels=[pos_label] to specify a single positive class.
  warnings.warn(

2026-07-15 18:51:31,731:WARNING:D:\test-conda\lib\site-packages\sklearn\metrics\_classification.py:1561: UserWarning: Note that pos_label (set to 'MM') is ignored when average != 'binary' (got 'weighted'). You may use labels=[pos_label] to specify a single positive class.
  warnings.warn(

2026-07-15 18:51:31,731:WARNING:D:\test-conda\lib\site-packages\sklearn\metrics\_classification.py:1561: UserWarning: Note that pos_label (set to 'MM') is ignored when average != 'binary' (got 'weighted'). You may use labels=[pos_label] to specify a single positive class.
  warnings.warn(

2026-07-15 18:51:31,731:WARNING:D:\test-conda\lib\site-packages\sklearn\metrics\_classification.py:1561: UserWarning: Note that pos_label (set to 'MM') is ignored when average != 'binary' (got 'weighted'). You may use labels=[pos_label] to specify a single positive class.
  warnings.warn(

2026-07-15 18:51:31,731:WARNING:D:\test-conda\lib\site-packages\sklearn\metrics\_classification.py:1561: UserWarning: Note that pos_label (set to 'MM') is ignored when average != 'binary' (got 'weighted'). You may use labels=[pos_label] to specify a single positive class.
  warnings.warn(

2026-07-15 18:51:31,731:WARNING:D:\test-conda\lib\site-packages\sklearn\metrics\_classification.py:1561: UserWarning: Note that pos_label (set to 'MM') is ignored when average != 'binary' (got 'weighted'). You may use labels=[pos_label] to specify a single positive class.
  warnings.warn(

2026-07-15 18:51:31,742:WARNING:D:\test-conda\lib\site-packages\sklearn\metrics\_classification.py:1561: UserWarning: Note that pos_label (set to 'MM') is ignored when average != 'binary' (got 'weighted'). You may use labels=[pos_label] to specify a single positive class.
  warnings.warn(

2026-07-15 18:51:31,744:WARNING:D:\test-conda\lib\site-packages\sklearn\metrics\_classification.py:1561: UserWarning: Note that pos_label (set to 'MM') is ignored when average != 'binary' (got 'weighted'). You may use labels=[pos_label] to specify a single positive class.
  warnings.warn(

2026-07-15 18:51:31,746:WARNING:D:\test-conda\lib\site-packages\sklearn\metrics\_classification.py:1561: UserWarning: Note that pos_label (set to 'MM') is ignored when average != 'binary' (got 'weighted'). You may use labels=[pos_label] to specify a single positive class.
  warnings.warn(

2026-07-15 18:51:31,746:WARNING:D:\test-conda\lib\site-packages\sklearn\metrics\_classification.py:1561: UserWarning: Note that pos_label (set to 'MM') is ignored when average != 'binary' (got 'weighted'). You may use labels=[pos_label] to specify a single positive class.
  warnings.warn(

2026-07-15 18:51:31,748:WARNING:D:\test-conda\lib\site-packages\sklearn\metrics\_classification.py:1561: UserWarning: Note that pos_label (set to 'MM') is ignored when average != 'binary' (got 'weighted'). You may use labels=[pos_label] to specify a single positive class.
  warnings.warn(

2026-07-15 18:51:31,748:WARNING:D:\test-conda\lib\site-packages\sklearn\metrics\_classification.py:1561: UserWarning: Note that pos_label (set to 'MM') is ignored when average != 'binary' (got 'weighted'). You may use labels=[pos_label] to specify a single positive class.
  warnings.warn(

2026-07-15 18:51:31,758:WARNING:D:\test-conda\lib\site-packages\sklearn\metrics\_classification.py:1561: UserWarning: Note that pos_label (set to 'MM') is ignored when average != 'binary' (got 'weighted'). You may use labels=[pos_label] to specify a single positive class.
  warnings.warn(

2026-07-15 18:51:31,758:WARNING:D:\test-conda\lib\site-packages\sklearn\metrics\_classification.py:1561: UserWarning: Note that pos_label (set to 'MM') is ignored when average != 'binary' (got 'weighted'). You may use labels=[pos_label] to specify a single positive class.
  warnings.warn(

2026-07-15 18:51:31,760:WARNING:D:\test-conda\lib\site-packages\sklearn\metrics\_classification.py:1561: UserWarning: Note that pos_label (set to 'MM') is ignored when average != 'binary' (got 'weighted'). You may use labels=[pos_label] to specify a single positive class.
  warnings.warn(

2026-07-15 18:51:31,760:WARNING:D:\test-conda\lib\site-packages\sklearn\metrics\_classification.py:1561: UserWarning: Note that pos_label (set to 'MM') is ignored when average != 'binary' (got 'weighted'). You may use labels=[pos_label] to specify a single positive class.
  warnings.warn(

2026-07-15 18:51:31,762:WARNING:D:\test-conda\lib\site-packages\sklearn\metrics\_classification.py:1561: UserWarning: Note that pos_label (set to 'MM') is ignored when average != 'binary' (got 'weighted'). You may use labels=[pos_label] to specify a single positive class.
  warnings.warn(

2026-07-15 18:51:31,762:WARNING:D:\test-conda\lib\site-packages\sklearn\metrics\_classification.py:1561: UserWarning: Note that pos_label (set to 'MM') is ignored when average != 'binary' (got 'weighted'). You may use labels=[pos_label] to specify a single positive class.
  warnings.warn(

2026-07-15 18:51:31,764:WARNING:D:\test-conda\lib\site-packages\sklearn\metrics\_classification.py:1561: UserWarning: Note that pos_label (set to 'MM') is ignored when average != 'binary' (got 'weighted'). You may use labels=[pos_label] to specify a single positive class.
  warnings.warn(

2026-07-15 18:51:31,764:WARNING:D:\test-conda\lib\site-packages\sklearn\metrics\_classification.py:1561: UserWarning: Note that pos_label (set to 'MM') is ignored when average != 'binary' (got 'weighted'). You may use labels=[pos_label] to specify a single positive class.
  warnings.warn(

2026-07-15 18:51:31,766:WARNING:D:\test-conda\lib\site-packages\sklearn\metrics\_classification.py:1561: UserWarning: Note that pos_label (set to 'MM') is ignored when average != 'binary' (got 'weighted'). You may use labels=[pos_label] to specify a single positive class.
  warnings.warn(

2026-07-15 18:51:31,775:WARNING:D:\test-conda\lib\site-packages\sklearn\metrics\_classification.py:1561: UserWarning: Note that pos_label (set to 'MM') is ignored when average != 'binary' (got 'weighted'). You may use labels=[pos_label] to specify a single positive class.
  warnings.warn(

2026-07-15 18:51:31,775:WARNING:D:\test-conda\lib\site-packages\sklearn\metrics\_classification.py:1561: UserWarning: Note that pos_label (set to 'MM') is ignored when average != 'binary' (got 'weighted'). You may use labels=[pos_label] to specify a single positive class.
  warnings.warn(

2026-07-15 18:51:31,775:WARNING:D:\test-conda\lib\site-packages\sklearn\metrics\_classification.py:1561: UserWarning: Note that pos_label (set to 'MM') is ignored when average != 'binary' (got 'weighted'). You may use labels=[pos_label] to specify a single positive class.
  warnings.warn(

2026-07-15 18:51:31,775:WARNING:D:\test-conda\lib\site-packages\sklearn\metrics\_classification.py:1561: UserWarning: Note that pos_label (set to 'MM') is ignored when average != 'binary' (got 'weighted'). You may use labels=[pos_label] to specify a single positive class.
  warnings.warn(

2026-07-15 18:51:31,777:WARNING:D:\test-conda\lib\site-packages\sklearn\metrics\_classification.py:1561: UserWarning: Note that pos_label (set to 'MM') is ignored when average != 'binary' (got 'weighted'). You may use labels=[pos_label] to specify a single positive class.
  warnings.warn(

2026-07-15 18:51:31,777:WARNING:D:\test-conda\lib\site-packages\sklearn\metrics\_classification.py:1561: UserWarning: Note that pos_label (set to 'MM') is ignored when average != 'binary' (got 'weighted'). You may use labels=[pos_label] to specify a single positive class.
  warnings.warn(

2026-07-15 18:51:31,777:WARNING:D:\test-conda\lib\site-packages\sklearn\metrics\_classification.py:1561: UserWarning: Note that pos_label (set to 'MM') is ignored when average != 'binary' (got 'weighted'). You may use labels=[pos_label] to specify a single positive class.
  warnings.warn(

2026-07-15 18:51:31,777:WARNING:D:\test-conda\lib\site-packages\sklearn\metrics\_classification.py:1561: UserWarning: Note that pos_label (set to 'MM') is ignored when average != 'binary' (got 'weighted'). You may use labels=[pos_label] to specify a single positive class.
  warnings.warn(

2026-07-15 18:51:31,777:WARNING:D:\test-conda\lib\site-packages\sklearn\metrics\_classification.py:1561: UserWarning: Note that pos_label (set to 'MM') is ignored when average != 'binary' (got 'weighted'). You may use labels=[pos_label] to specify a single positive class.
  warnings.warn(

2026-07-15 18:51:31,791:INFO:Calculating mean and std
2026-07-15 18:51:31,791:INFO:Creating metrics dataframe
2026-07-15 18:51:31,791:INFO:Uploading results into container
2026-07-15 18:51:31,791:INFO:Uploading model into container now
2026-07-15 18:51:31,791:INFO:_master_model_container: 13
2026-07-15 18:51:31,791:INFO:_display_container: 2
2026-07-15 18:51:31,791:INFO:XGBClassifier(base_score=None, booster='gbtree', callbacks=None,
              colsample_bylevel=None, colsample_bynode=None,
              colsample_bytree=None, device='cpu', early_stopping_rounds=None,
              enable_categorical=False, eval_metric=None, feature_types=None,
              feature_weights=None, gamma=None, grow_policy=None,
              importance_type=None, interaction_constraints=None,
              learning_rate=None, max_bin=None, max_cat_threshold=None,
              max_cat_to_onehot=None, max_delta_step=None, max_depth=None,
              max_leaves=None, min_child_weight=None, missing=nan,
              monotone_constraints=None, multi_strategy=None, n_estimators=None,
              n_jobs=-1, num_parallel_tree=None, ...)
2026-07-15 18:51:31,791:INFO:create_model() successfully completed......................................
2026-07-15 18:51:31,901:INFO:SubProcess create_model() end ==================================
2026-07-15 18:51:31,901:INFO:Creating metrics dataframe
2026-07-15 18:51:31,901:INFO:Initializing Light Gradient Boosting Machine
2026-07-15 18:51:31,901:INFO:Total runtime is 0.22167463699976603 minutes
2026-07-15 18:51:31,901:INFO:SubProcess create_model() called ==================================
2026-07-15 18:51:31,901:INFO:Initializing create_model()
2026-07-15 18:51:31,901:INFO:create_model(self=<pycaret.classification.oop.ClassificationExperiment object at 0x000001710A1B8D00>, estimator=lightgbm, fold=StratifiedKFold(n_splits=10, random_state=None, shuffle=False), round=4, cross_validation=True, predict=True, fit_kwargs={}, groups=None, refit=False, probability_threshold=None, experiment_custom_tags=None, verbose=False, system=False, add_to_model_list=True, metrics=None, display=<pycaret.internal.display.display.CommonDisplay object at 0x000001717F1EE6B0>, model_only=True, return_train_score=False, error_score=0.0, kwargs={})
2026-07-15 18:51:31,901:INFO:Checking exceptions
2026-07-15 18:51:31,901:INFO:Importing libraries
2026-07-15 18:51:31,901:INFO:Copying training dataset
2026-07-15 18:51:31,901:INFO:Defining folds
2026-07-15 18:51:31,901:INFO:Declaring metric variables
2026-07-15 18:51:31,901:INFO:Importing untrained model
2026-07-15 18:51:31,901:INFO:Light Gradient Boosting Machine Imported successfully
2026-07-15 18:51:31,901:INFO:Starting cross validation
2026-07-15 18:51:31,901:INFO:Cross validating with StratifiedKFold(n_splits=10, random_state=None, shuffle=False), n_jobs=-1
2026-07-15 18:51:32,475:WARNING:D:\test-conda\lib\site-packages\sklearn\metrics\_classification.py:1561: UserWarning: Note that pos_label (set to 'MM') is ignored when average != 'binary' (got 'weighted'). You may use labels=[pos_label] to specify a single positive class.
  warnings.warn(

2026-07-15 18:51:32,476:WARNING:D:\test-conda\lib\site-packages\sklearn\metrics\_classification.py:1561: UserWarning: Note that pos_label (set to 'MM') is ignored when average != 'binary' (got 'weighted'). You may use labels=[pos_label] to specify a single positive class.
  warnings.warn(

2026-07-15 18:51:32,477:WARNING:D:\test-conda\lib\site-packages\sklearn\metrics\_classification.py:1561: UserWarning: Note that pos_label (set to 'MM') is ignored when average != 'binary' (got 'weighted'). You may use labels=[pos_label] to specify a single positive class.
  warnings.warn(

2026-07-15 18:51:32,481:WARNING:D:\test-conda\lib\site-packages\sklearn\metrics\_classification.py:1561: UserWarning: Note that pos_label (set to 'MM') is ignored when average != 'binary' (got 'weighted'). You may use labels=[pos_label] to specify a single positive class.
  warnings.warn(

2026-07-15 18:51:32,481:WARNING:D:\test-conda\lib\site-packages\sklearn\metrics\_classification.py:1561: UserWarning: Note that pos_label (set to 'MM') is ignored when average != 'binary' (got 'weighted'). You may use labels=[pos_label] to specify a single positive class.
  warnings.warn(

2026-07-15 18:51:32,483:WARNING:D:\test-conda\lib\site-packages\sklearn\metrics\_classification.py:1561: UserWarning: Note that pos_label (set to 'MM') is ignored when average != 'binary' (got 'weighted'). You may use labels=[pos_label] to specify a single positive class.
  warnings.warn(

2026-07-15 18:51:32,489:WARNING:D:\test-conda\lib\site-packages\sklearn\metrics\_classification.py:1561: UserWarning: Note that pos_label (set to 'MM') is ignored when average != 'binary' (got 'weighted'). You may use labels=[pos_label] to specify a single positive class.
  warnings.warn(

2026-07-15 18:51:32,491:WARNING:D:\test-conda\lib\site-packages\sklearn\metrics\_classification.py:1561: UserWarning: Note that pos_label (set to 'MM') is ignored when average != 'binary' (got 'weighted'). You may use labels=[pos_label] to specify a single positive class.
  warnings.warn(

2026-07-15 18:51:32,493:WARNING:D:\test-conda\lib\site-packages\sklearn\metrics\_classification.py:1561: UserWarning: Note that pos_label (set to 'MM') is ignored when average != 'binary' (got 'weighted'). You may use labels=[pos_label] to specify a single positive class.
  warnings.warn(

2026-07-15 18:51:32,533:WARNING:D:\test-conda\lib\site-packages\sklearn\metrics\_classification.py:1561: UserWarning: Note that pos_label (set to 'MM') is ignored when average != 'binary' (got 'weighted'). You may use labels=[pos_label] to specify a single positive class.
  warnings.warn(

2026-07-15 18:51:32,535:WARNING:D:\test-conda\lib\site-packages\sklearn\metrics\_classification.py:1561: UserWarning: Note that pos_label (set to 'MM') is ignored when average != 'binary' (got 'weighted'). You may use labels=[pos_label] to specify a single positive class.
  warnings.warn(

2026-07-15 18:51:32,535:WARNING:D:\test-conda\lib\site-packages\sklearn\metrics\_classification.py:1561: UserWarning: Note that pos_label (set to 'MM') is ignored when average != 'binary' (got 'weighted'). You may use labels=[pos_label] to specify a single positive class.
  warnings.warn(

2026-07-15 18:51:32,543:WARNING:D:\test-conda\lib\site-packages\sklearn\metrics\_classification.py:1561: UserWarning: Note that pos_label (set to 'MM') is ignored when average != 'binary' (got 'weighted'). You may use labels=[pos_label] to specify a single positive class.
  warnings.warn(

2026-07-15 18:51:32,543:WARNING:D:\test-conda\lib\site-packages\sklearn\metrics\_classification.py:1561: UserWarning: Note that pos_label (set to 'MM') is ignored when average != 'binary' (got 'weighted'). You may use labels=[pos_label] to specify a single positive class.
  warnings.warn(

2026-07-15 18:51:32,545:WARNING:D:\test-conda\lib\site-packages\sklearn\metrics\_classification.py:1561: UserWarning: Note that pos_label (set to 'MM') is ignored when average != 'binary' (got 'weighted'). You may use labels=[pos_label] to specify a single positive class.
  warnings.warn(

2026-07-15 18:51:32,568:WARNING:D:\test-conda\lib\site-packages\sklearn\metrics\_classification.py:1561: UserWarning: Note that pos_label (set to 'MM') is ignored when average != 'binary' (got 'weighted'). You may use labels=[pos_label] to specify a single positive class.
  warnings.warn(

2026-07-15 18:51:32,569:WARNING:D:\test-conda\lib\site-packages\sklearn\metrics\_classification.py:1561: UserWarning: Note that pos_label (set to 'MM') is ignored when average != 'binary' (got 'weighted'). You may use labels=[pos_label] to specify a single positive class.
  warnings.warn(

2026-07-15 18:51:32,570:WARNING:D:\test-conda\lib\site-packages\sklearn\metrics\_classification.py:1561: UserWarning: Note that pos_label (set to 'MM') is ignored when average != 'binary' (got 'weighted'). You may use labels=[pos_label] to specify a single positive class.
  warnings.warn(

2026-07-15 18:51:32,572:WARNING:D:\test-conda\lib\site-packages\sklearn\metrics\_classification.py:1561: UserWarning: Note that pos_label (set to 'MM') is ignored when average != 'binary' (got 'weighted'). You may use labels=[pos_label] to specify a single positive class.
  warnings.warn(

2026-07-15 18:51:32,573:WARNING:D:\test-conda\lib\site-packages\sklearn\metrics\_classification.py:1561: UserWarning: Note that pos_label (set to 'MM') is ignored when average != 'binary' (got 'weighted'). You may use labels=[pos_label] to specify a single positive class.
  warnings.warn(

2026-07-15 18:51:32,575:WARNING:D:\test-conda\lib\site-packages\sklearn\metrics\_classification.py:1561: UserWarning: Note that pos_label (set to 'MM') is ignored when average != 'binary' (got 'weighted'). You may use labels=[pos_label] to specify a single positive class.
  warnings.warn(

2026-07-15 18:51:32,577:WARNING:D:\test-conda\lib\site-packages\sklearn\metrics\_classification.py:1561: UserWarning: Note that pos_label (set to 'MM') is ignored when average != 'binary' (got 'weighted'). You may use labels=[pos_label] to specify a single positive class.
  warnings.warn(

2026-07-15 18:51:32,578:WARNING:D:\test-conda\lib\site-packages\sklearn\metrics\_classification.py:1561: UserWarning: Note that pos_label (set to 'MM') is ignored when average != 'binary' (got 'weighted'). You may use labels=[pos_label] to specify a single positive class.
  warnings.warn(

2026-07-15 18:51:32,579:WARNING:D:\test-conda\lib\site-packages\sklearn\metrics\_classification.py:1561: UserWarning: Note that pos_label (set to 'MM') is ignored when average != 'binary' (got 'weighted'). You may use labels=[pos_label] to specify a single positive class.
  warnings.warn(

2026-07-15 18:51:32,582:WARNING:D:\test-conda\lib\site-packages\sklearn\metrics\_classification.py:1561: UserWarning: Note that pos_label (set to 'MM') is ignored when average != 'binary' (got 'weighted'). You may use labels=[pos_label] to specify a single positive class.
  warnings.warn(

2026-07-15 18:51:32,582:WARNING:D:\test-conda\lib\site-packages\sklearn\metrics\_classification.py:1561: UserWarning: Note that pos_label (set to 'MM') is ignored when average != 'binary' (got 'weighted'). You may use labels=[pos_label] to specify a single positive class.
  warnings.warn(

2026-07-15 18:51:32,583:WARNING:D:\test-conda\lib\site-packages\sklearn\metrics\_classification.py:1561: UserWarning: Note that pos_label (set to 'MM') is ignored when average != 'binary' (got 'weighted'). You may use labels=[pos_label] to specify a single positive class.
  warnings.warn(

2026-07-15 18:51:32,583:WARNING:D:\test-conda\lib\site-packages\sklearn\metrics\_classification.py:1561: UserWarning: Note that pos_label (set to 'MM') is ignored when average != 'binary' (got 'weighted'). You may use labels=[pos_label] to specify a single positive class.
  warnings.warn(

2026-07-15 18:51:32,584:WARNING:D:\test-conda\lib\site-packages\sklearn\metrics\_classification.py:1561: UserWarning: Note that pos_label (set to 'MM') is ignored when average != 'binary' (got 'weighted'). You may use labels=[pos_label] to specify a single positive class.
  warnings.warn(

2026-07-15 18:51:32,584:WARNING:D:\test-conda\lib\site-packages\sklearn\metrics\_classification.py:1561: UserWarning: Note that pos_label (set to 'MM') is ignored when average != 'binary' (got 'weighted'). You may use labels=[pos_label] to specify a single positive class.
  warnings.warn(

2026-07-15 18:51:32,589:INFO:Calculating mean and std
2026-07-15 18:51:32,589:INFO:Creating metrics dataframe
2026-07-15 18:51:32,589:INFO:Uploading results into container
2026-07-15 18:51:32,589:INFO:Uploading model into container now
2026-07-15 18:51:32,589:INFO:_master_model_container: 14
2026-07-15 18:51:32,589:INFO:_display_container: 2
2026-07-15 18:51:32,591:INFO:LGBMClassifier(boosting_type='gbdt', class_weight=None, colsample_bytree=1.0,
               importance_type='split', learning_rate=0.1, max_depth=-1,
               min_child_samples=20, min_child_weight=0.001, min_split_gain=0.0,
               n_estimators=100, n_jobs=-1, num_leaves=31, objective=None,
               random_state=8095, reg_alpha=0.0, reg_lambda=0.0, subsample=1.0,
               subsample_for_bin=200000, subsample_freq=0)
2026-07-15 18:51:32,591:INFO:create_model() successfully completed......................................
2026-07-15 18:51:32,690:INFO:SubProcess create_model() end ==================================
2026-07-15 18:51:32,690:INFO:Creating metrics dataframe
2026-07-15 18:51:32,691:INFO:Initializing CatBoost Classifier
2026-07-15 18:51:32,691:INFO:Total runtime is 0.2348395586013794 minutes
2026-07-15 18:51:32,691:INFO:SubProcess create_model() called ==================================
2026-07-15 18:51:32,691:INFO:Initializing create_model()
2026-07-15 18:51:32,691:INFO:create_model(self=<pycaret.classification.oop.ClassificationExperiment object at 0x000001710A1B8D00>, estimator=catboost, fold=StratifiedKFold(n_splits=10, random_state=None, shuffle=False), round=4, cross_validation=True, predict=True, fit_kwargs={}, groups=None, refit=False, probability_threshold=None, experiment_custom_tags=None, verbose=False, system=False, add_to_model_list=True, metrics=None, display=<pycaret.internal.display.display.CommonDisplay object at 0x000001717F1EE6B0>, model_only=True, return_train_score=False, error_score=0.0, kwargs={})
2026-07-15 18:51:32,691:INFO:Checking exceptions
2026-07-15 18:51:32,692:INFO:Importing libraries
2026-07-15 18:51:32,692:INFO:Copying training dataset
2026-07-15 18:51:32,693:INFO:Defining folds
2026-07-15 18:51:32,693:INFO:Declaring metric variables
2026-07-15 18:51:32,693:INFO:Importing untrained model
2026-07-15 18:51:32,694:INFO:CatBoost Classifier Imported successfully
2026-07-15 18:51:32,694:INFO:Starting cross validation
2026-07-15 18:51:32,695:INFO:Cross validating with StratifiedKFold(n_splits=10, random_state=None, shuffle=False), n_jobs=-1
2026-07-15 18:51:34,715:WARNING:D:\test-conda\lib\site-packages\sklearn\metrics\_classification.py:1561: UserWarning: Note that pos_label (set to 'MM') is ignored when average != 'binary' (got 'weighted'). You may use labels=[pos_label] to specify a single positive class.
  warnings.warn(

2026-07-15 18:51:34,715:WARNING:D:\test-conda\lib\site-packages\sklearn\metrics\_classification.py:1561: UserWarning: Note that pos_label (set to 'MM') is ignored when average != 'binary' (got 'weighted'). You may use labels=[pos_label] to specify a single positive class.
  warnings.warn(

2026-07-15 18:51:34,717:WARNING:D:\test-conda\lib\site-packages\sklearn\metrics\_classification.py:1561: UserWarning: Note that pos_label (set to 'MM') is ignored when average != 'binary' (got 'weighted'). You may use labels=[pos_label] to specify a single positive class.
  warnings.warn(

2026-07-15 18:51:34,767:WARNING:D:\test-conda\lib\site-packages\sklearn\metrics\_classification.py:1561: UserWarning: Note that pos_label (set to 'MM') is ignored when average != 'binary' (got 'weighted'). You may use labels=[pos_label] to specify a single positive class.
  warnings.warn(

2026-07-15 18:51:34,768:WARNING:D:\test-conda\lib\site-packages\sklearn\metrics\_classification.py:1561: UserWarning: Note that pos_label (set to 'MM') is ignored when average != 'binary' (got 'weighted'). You may use labels=[pos_label] to specify a single positive class.
  warnings.warn(

2026-07-15 18:51:34,770:WARNING:D:\test-conda\lib\site-packages\sklearn\metrics\_classification.py:1561: UserWarning: Note that pos_label (set to 'MM') is ignored when average != 'binary' (got 'weighted'). You may use labels=[pos_label] to specify a single positive class.
  warnings.warn(

2026-07-15 18:51:34,772:WARNING:D:\test-conda\lib\site-packages\sklearn\metrics\_classification.py:1561: UserWarning: Note that pos_label (set to 'MM') is ignored when average != 'binary' (got 'weighted'). You may use labels=[pos_label] to specify a single positive class.
  warnings.warn(

2026-07-15 18:51:34,774:WARNING:D:\test-conda\lib\site-packages\sklearn\metrics\_classification.py:1561: UserWarning: Note that pos_label (set to 'MM') is ignored when average != 'binary' (got 'weighted'). You may use labels=[pos_label] to specify a single positive class.
  warnings.warn(

2026-07-15 18:51:34,775:WARNING:D:\test-conda\lib\site-packages\sklearn\metrics\_classification.py:1561: UserWarning: Note that pos_label (set to 'MM') is ignored when average != 'binary' (got 'weighted'). You may use labels=[pos_label] to specify a single positive class.
  warnings.warn(

2026-07-15 18:51:34,782:WARNING:D:\test-conda\lib\site-packages\sklearn\metrics\_classification.py:1561: UserWarning: Note that pos_label (set to 'MM') is ignored when average != 'binary' (got 'weighted'). You may use labels=[pos_label] to specify a single positive class.
  warnings.warn(

2026-07-15 18:51:34,784:WARNING:D:\test-conda\lib\site-packages\sklearn\metrics\_classification.py:1561: UserWarning: Note that pos_label (set to 'MM') is ignored when average != 'binary' (got 'weighted'). You may use labels=[pos_label] to specify a single positive class.
  warnings.warn(

2026-07-15 18:51:34,786:WARNING:D:\test-conda\lib\site-packages\sklearn\metrics\_classification.py:1561: UserWarning: Note that pos_label (set to 'MM') is ignored when average != 'binary' (got 'weighted'). You may use labels=[pos_label] to specify a single positive class.
  warnings.warn(

2026-07-15 18:51:34,790:WARNING:D:\test-conda\lib\site-packages\sklearn\metrics\_classification.py:1561: UserWarning: Note that pos_label (set to 'MM') is ignored when average != 'binary' (got 'weighted'). You may use labels=[pos_label] to specify a single positive class.
  warnings.warn(

2026-07-15 18:51:34,791:WARNING:D:\test-conda\lib\site-packages\sklearn\metrics\_classification.py:1561: UserWarning: Note that pos_label (set to 'MM') is ignored when average != 'binary' (got 'weighted'). You may use labels=[pos_label] to specify a single positive class.
  warnings.warn(

2026-07-15 18:51:34,793:WARNING:D:\test-conda\lib\site-packages\sklearn\metrics\_classification.py:1561: UserWarning: Note that pos_label (set to 'MM') is ignored when average != 'binary' (got 'weighted'). You may use labels=[pos_label] to specify a single positive class.
  warnings.warn(

2026-07-15 18:51:34,807:WARNING:D:\test-conda\lib\site-packages\sklearn\metrics\_classification.py:1561: UserWarning: Note that pos_label (set to 'MM') is ignored when average != 'binary' (got 'weighted'). You may use labels=[pos_label] to specify a single positive class.
  warnings.warn(

2026-07-15 18:51:34,807:WARNING:D:\test-conda\lib\site-packages\sklearn\metrics\_classification.py:1561: UserWarning: Note that pos_label (set to 'MM') is ignored when average != 'binary' (got 'weighted'). You may use labels=[pos_label] to specify a single positive class.
  warnings.warn(

2026-07-15 18:51:34,807:WARNING:D:\test-conda\lib\site-packages\sklearn\metrics\_classification.py:1561: UserWarning: Note that pos_label (set to 'MM') is ignored when average != 'binary' (got 'weighted'). You may use labels=[pos_label] to specify a single positive class.
  warnings.warn(

2026-07-15 18:51:34,807:WARNING:D:\test-conda\lib\site-packages\sklearn\metrics\_classification.py:1561: UserWarning: Note that pos_label (set to 'MM') is ignored when average != 'binary' (got 'weighted'). You may use labels=[pos_label] to specify a single positive class.
  warnings.warn(

2026-07-15 18:51:34,807:WARNING:D:\test-conda\lib\site-packages\sklearn\metrics\_classification.py:1561: UserWarning: Note that pos_label (set to 'MM') is ignored when average != 'binary' (got 'weighted'). You may use labels=[pos_label] to specify a single positive class.
  warnings.warn(

2026-07-15 18:51:34,807:WARNING:D:\test-conda\lib\site-packages\sklearn\metrics\_classification.py:1561: UserWarning: Note that pos_label (set to 'MM') is ignored when average != 'binary' (got 'weighted'). You may use labels=[pos_label] to specify a single positive class.
  warnings.warn(

2026-07-15 18:51:34,807:WARNING:D:\test-conda\lib\site-packages\sklearn\metrics\_classification.py:1561: UserWarning: Note that pos_label (set to 'MM') is ignored when average != 'binary' (got 'weighted'). You may use labels=[pos_label] to specify a single positive class.
  warnings.warn(

2026-07-15 18:51:34,823:WARNING:D:\test-conda\lib\site-packages\sklearn\metrics\_classification.py:1561: UserWarning: Note that pos_label (set to 'MM') is ignored when average != 'binary' (got 'weighted'). You may use labels=[pos_label] to specify a single positive class.
  warnings.warn(

2026-07-15 18:51:34,823:WARNING:D:\test-conda\lib\site-packages\sklearn\metrics\_classification.py:1561: UserWarning: Note that pos_label (set to 'MM') is ignored when average != 'binary' (got 'weighted'). You may use labels=[pos_label] to specify a single positive class.
  warnings.warn(

2026-07-15 18:51:34,823:WARNING:D:\test-conda\lib\site-packages\sklearn\metrics\_classification.py:1561: UserWarning: Note that pos_label (set to 'MM') is ignored when average != 'binary' (got 'weighted'). You may use labels=[pos_label] to specify a single positive class.
  warnings.warn(

2026-07-15 18:51:34,823:WARNING:D:\test-conda\lib\site-packages\sklearn\metrics\_classification.py:1561: UserWarning: Note that pos_label (set to 'MM') is ignored when average != 'binary' (got 'weighted'). You may use labels=[pos_label] to specify a single positive class.
  warnings.warn(

2026-07-15 18:51:34,823:WARNING:D:\test-conda\lib\site-packages\sklearn\metrics\_classification.py:1561: UserWarning: Note that pos_label (set to 'MM') is ignored when average != 'binary' (got 'weighted'). You may use labels=[pos_label] to specify a single positive class.
  warnings.warn(

2026-07-15 18:51:34,823:WARNING:D:\test-conda\lib\site-packages\sklearn\metrics\_classification.py:1561: UserWarning: Note that pos_label (set to 'MM') is ignored when average != 'binary' (got 'weighted'). You may use labels=[pos_label] to specify a single positive class.
  warnings.warn(

2026-07-15 18:51:34,823:WARNING:D:\test-conda\lib\site-packages\sklearn\metrics\_classification.py:1561: UserWarning: Note that pos_label (set to 'MM') is ignored when average != 'binary' (got 'weighted'). You may use labels=[pos_label] to specify a single positive class.
  warnings.warn(

2026-07-15 18:51:34,838:WARNING:D:\test-conda\lib\site-packages\sklearn\metrics\_classification.py:1561: UserWarning: Note that pos_label (set to 'MM') is ignored when average != 'binary' (got 'weighted'). You may use labels=[pos_label] to specify a single positive class.
  warnings.warn(

2026-07-15 18:51:34,854:INFO:Calculating mean and std
2026-07-15 18:51:34,854:INFO:Creating metrics dataframe
2026-07-15 18:51:34,854:INFO:Uploading results into container
2026-07-15 18:51:34,854:INFO:Uploading model into container now
2026-07-15 18:51:34,854:INFO:_master_model_container: 15
2026-07-15 18:51:34,854:INFO:_display_container: 2
2026-07-15 18:51:34,854:INFO:CatBoostClassifier(border_count=254, random_state=8095, task_type='CPU', verbose=False)
2026-07-15 18:51:34,854:INFO:create_model() successfully completed......................................
2026-07-15 18:51:34,968:INFO:SubProcess create_model() end ==================================
2026-07-15 18:51:34,968:INFO:Creating metrics dataframe
2026-07-15 18:51:34,970:INFO:Initializing Dummy Classifier
2026-07-15 18:51:34,970:INFO:Total runtime is 0.27282151381174724 minutes
2026-07-15 18:51:34,970:INFO:SubProcess create_model() called ==================================
2026-07-15 18:51:34,970:INFO:Initializing create_model()
2026-07-15 18:51:34,970:INFO:create_model(self=<pycaret.classification.oop.ClassificationExperiment object at 0x000001710A1B8D00>, estimator=dummy, fold=StratifiedKFold(n_splits=10, random_state=None, shuffle=False), round=4, cross_validation=True, predict=True, fit_kwargs={}, groups=None, refit=False, probability_threshold=None, experiment_custom_tags=None, verbose=False, system=False, add_to_model_list=True, metrics=None, display=<pycaret.internal.display.display.CommonDisplay object at 0x000001717F1EE6B0>, model_only=True, return_train_score=False, error_score=0.0, kwargs={})
2026-07-15 18:51:34,970:INFO:Checking exceptions
2026-07-15 18:51:34,970:INFO:Importing libraries
2026-07-15 18:51:34,970:INFO:Copying training dataset
2026-07-15 18:51:34,972:INFO:Defining folds
2026-07-15 18:51:34,972:INFO:Declaring metric variables
2026-07-15 18:51:34,972:INFO:Importing untrained model
2026-07-15 18:51:34,972:INFO:Dummy Classifier Imported successfully
2026-07-15 18:51:34,973:INFO:Starting cross validation
2026-07-15 18:51:34,974:INFO:Cross validating with StratifiedKFold(n_splits=10, random_state=None, shuffle=False), n_jobs=-1
2026-07-15 18:51:35,001:WARNING:D:\test-conda\lib\site-packages\sklearn\metrics\_classification.py:1561: UserWarning: Note that pos_label (set to 'MM') is ignored when average != 'binary' (got 'weighted'). You may use labels=[pos_label] to specify a single positive class.
  warnings.warn(

2026-07-15 18:51:35,001:WARNING:D:\test-conda\lib\site-packages\sklearn\metrics\_classification.py:1561: UserWarning: Note that pos_label (set to 'MM') is ignored when average != 'binary' (got 'weighted'). You may use labels=[pos_label] to specify a single positive class.
  warnings.warn(

2026-07-15 18:51:35,001:WARNING:D:\test-conda\lib\site-packages\sklearn\metrics\_classification.py:1561: UserWarning: Note that pos_label (set to 'MM') is ignored when average != 'binary' (got 'weighted'). You may use labels=[pos_label] to specify a single positive class.
  warnings.warn(

2026-07-15 18:51:35,003:WARNING:D:\test-conda\lib\site-packages\sklearn\metrics\_classification.py:1561: UserWarning: Note that pos_label (set to 'MM') is ignored when average != 'binary' (got 'weighted'). You may use labels=[pos_label] to specify a single positive class.
  warnings.warn(

2026-07-15 18:51:35,003:WARNING:D:\test-conda\lib\site-packages\sklearn\metrics\_classification.py:1561: UserWarning: Note that pos_label (set to 'MM') is ignored when average != 'binary' (got 'weighted'). You may use labels=[pos_label] to specify a single positive class.
  warnings.warn(

fier, f"{metric.capitalize()} is", len(result))

2026-07-15 18:51:35,003:WARNING:D:\test-conda\lib\site-packages\sklearn\metrics\_classification.py:1509: UndefinedMetricWarning: Precision is ill-defined and being set to 0.0 in labels with no predicted samples. Use `zero_division` parameter to control this behavior.
  _warn_prf(average, modifier, f"{metric.capitalize()} is", len(result))

2026-07-15 18:51:35,003:WARNING:D:\test-conda\lib\site-packages\sklearn\metrics\_classification.py:1561: UserWarning: Note that pos_label (set to 'MM') is ignored when average != 'binary' (got 'weighted'). You may use labels=[pos_label] to specify a single positive class.
  warnings.warn(

2026-07-15 18:51:35,003:WARNING:D:\test-conda\lib\site-packages\sklearn\metrics\_classification.py:1561: UserWarning: Note that pos_label (set to 'MM') is ignored when average != 'binary' (got 'weighted'). You may use labels=[pos_label] to specify a single positive class.
  warnings.warn(

2026-07-15 18:51:35,003:WARNING:D:\test-conda\lib\site-packages\sklearn\metrics\_classification.py:1561: UserWarning: Note that pos_label (set to 'MM') is ignored when average != 'binary' (got 'weighted'). You may use labels=[pos_label] to specify a single positive class.
  warnings.warn(

2026-07-15 18:51:35,003:WARNING:D:\test-conda\lib\site-packages\sklearn\metrics\_classification.py:1561: UserWarning: Note that pos_label (set to 'MM') is ignored when average != 'binary' (got 'weighted'). You may use labels=[pos_label] to specify a single positive class.
  warnings.warn(

2026-07-15 18:51:35,003:WARNING:D:\test-conda\lib\site-packages\sklearn\metrics\_classification.py:1509: UndefinedMetricWarning: Precision is ill-defined and being set to 0.0 in labels with no predicted samples. Use `zero_division` parameter to control this behavior.
  _warn_prf(average, modifier, f"{metric.capitalize()} is", len(result))

2026-07-15 18:51:35,005:WARNING:D:\test-conda\lib\site-packages\sklearn\metrics\_classification.py:1561: UserWarning: Note that pos_label (set to 'MM') is ignored when average != 'binary' (got 'weighted'). You may use labels=[pos_label] to specify a single positive class.
  warnings.warn(

2026-07-15 18:51:35,005:WARNING:D:\test-conda\lib\site-packages\sklearn\metrics\_classification.py:1561: UserWarning: Note that pos_label (set to 'MM') is ignored when average != 'binary' (got 'weighted'). You may use labels=[pos_label] to specify a single positive class.
  warnings.warn(

2026-07-15 18:51:35,005:WARNING:D:\test-conda\lib\site-packages\sklearn\metrics\_classification.py:1509: UndefinedMetricWarning: Precision is ill-defined and being set to 0.0 in labels with no predicted samples. Use `zero_division` parameter to control this behavior.
  _warn_prf(average, modifier, f"{metric.capitalize()} is", len(result))

2026-07-15 18:51:35,005:WARNING:D:\test-conda\lib\site-packages\sklearn\metrics\_classification.py:1561: UserWarning: Note that pos_label (set to 'MM') is ignored when average != 'binary' (got 'weighted'). You may use labels=[pos_label] to specify a single positive class.
  warnings.warn(

2026-07-15 18:51:35,007:WARNING:D:\test-conda\lib\site-packages\sklearn\metrics\_classification.py:1561: UserWarning: Note that pos_label (set to 'MM') is ignored when average != 'binary' (got 'weighted'). You may use labels=[pos_label] to specify a single positive class.
  warnings.warn(

2026-07-15 18:51:35,009:WARNING:D:\test-conda\lib\site-packages\sklearn\metrics\_classification.py:1561: UserWarning: Note that pos_label (set to 'MM') is ignored when average != 'binary' (got 'weighted'). You may use labels=[pos_label] to specify a single positive class.
  warnings.warn(

2026-07-15 18:51:35,009:WARNING:D:\test-conda\lib\site-packages\sklearn\metrics\_classification.py:1561: UserWarning: Note that pos_label (set to 'MM') is ignored when average != 'binary' (got 'weighted'). You may use labels=[pos_label] to specify a single positive class.
  warnings.warn(

2026-07-15 18:51:35,009:WARNING:D:\test-conda\lib\site-packages\sklearn\metrics\_classification.py:1509: UndefinedMetricWarning: Precision is ill-defined and being set to 0.0 in labels with no predicted samples. Use `zero_division` parameter to control this behavior.
  _warn_prf(average, modifier, f"{metric.capitalize()} is", len(result))

2026-07-15 18:51:35,011:WARNING:D:\test-conda\lib\site-packages\sklearn\metrics\_classification.py:1561: UserWarning: Note that pos_label (set to 'MM') is ignored when average != 'binary' (got 'weighted'). You may use labels=[pos_label] to specify a single positive class.
  warnings.warn(

2026-07-15 18:51:35,011:WARNING:D:\test-conda\lib\site-packages\sklearn\metrics\_classification.py:1561: UserWarning: Note that pos_label (set to 'MM') is ignored when average != 'binary' (got 'weighted'). You may use labels=[pos_label] to specify a single positive class.
  warnings.warn(

2026-07-15 18:51:35,011:WARNING:D:\test-conda\lib\site-packages\sklearn\metrics\_classification.py:1509: UndefinedMetricWarning: Precision is ill-defined and being set to 0.0 in labels with no predicted samples. Use `zero_division` parameter to control this behavior.
  _warn_prf(average, modifier, f"{metric.capitalize()} is", len(result))

2026-07-15 18:51:35,011:WARNING:D:\test-conda\lib\site-packages\sklearn\metrics\_classification.py:1561: UserWarning: Note that pos_label (set to 'MM') is ignored when average != 'binary' (got 'weighted'). You may use labels=[pos_label] to specify a single positive class.
  warnings.warn(

2026-07-15 18:51:35,013:WARNING:D:\test-conda\lib\site-packages\sklearn\metrics\_classification.py:1561: UserWarning: Note that pos_label (set to 'MM') is ignored when average != 'binary' (got 'weighted'). You may use labels=[pos_label] to specify a single positive class.
  warnings.warn(

2026-07-15 18:51:35,015:WARNING:D:\test-conda\lib\site-packages\sklearn\metrics\_classification.py:1561: UserWarning: Note that pos_label (set to 'MM') is ignored when average != 'binary' (got 'weighted'). You may use labels=[pos_label] to specify a single positive class.
  warnings.warn(

2026-07-15 18:51:35,015:WARNING:D:\test-conda\lib\site-packages\sklearn\metrics\_classification.py:1561: UserWarning: Note that pos_label (set to 'MM') is ignored when average != 'binary' (got 'weighted'). You may use labels=[pos_label] to specify a single positive class.
  warnings.warn(

2026-07-15 18:51:35,015:WARNING:D:\test-conda\lib\site-packages\sklearn\metrics\_classification.py:1561: UserWarning: Note that pos_label (set to 'MM') is ignored when average != 'binary' (got 'weighted'). You may use labels=[pos_label] to specify a single positive class.
  warnings.warn(

2026-07-15 18:51:35,015:WARNING:D:\test-conda\lib\site-packages\sklearn\metrics\_classification.py:1509: UndefinedMetricWarning: Precision is ill-defined and being set to 0.0 in labels with no predicted samples. Use `zero_division` parameter to control this behavior.
  _warn_prf(average, modifier, f"{metric.capitalize()} is", len(result))

2026-07-15 18:51:35,015:WARNING:D:\test-conda\lib\site-packages\sklearn\metrics\_classification.py:1509: UndefinedMetricWarning: Precision is ill-defined and being set to 0.0 in labels with no predicted samples. Use `zero_division` parameter to control this behavior.
  _warn_prf(average, modifier, f"{metric.capitalize()} is", len(result))

2026-07-15 18:51:35,017:WARNING:D:\test-conda\lib\site-packages\sklearn\metrics\_classification.py:1561: UserWarning: Note that pos_label (set to 'MM') is ignored when average != 'binary' (got 'weighted'). You may use labels=[pos_label] to specify a single positive class.
  warnings.warn(

2026-07-15 18:51:35,017:WARNING:D:\test-conda\lib\site-packages\sklearn\metrics\_classification.py:1561: UserWarning: Note that pos_label (set to 'MM') is ignored when average != 'binary' (got 'weighted'). You may use labels=[pos_label] to specify a single positive class.
  warnings.warn(

2026-07-15 18:51:35,017:WARNING:D:\test-conda\lib\site-packages\sklearn\metrics\_classification.py:1561: UserWarning: Note that pos_label (set to 'MM') is ignored when average != 'binary' (got 'weighted'). You may use labels=[pos_label] to specify a single positive class.
  warnings.warn(

2026-07-15 18:51:35,017:WARNING:D:\test-conda\lib\site-packages\sklearn\metrics\_classification.py:1561: UserWarning: Note that pos_label (set to 'MM') is ignored when average != 'binary' (got 'weighted'). You may use labels=[pos_label] to specify a single positive class.
  warnings.warn(

2026-07-15 18:51:35,017:WARNING:D:\test-conda\lib\site-packages\sklearn\metrics\_classification.py:1561: UserWarning: Note that pos_label (set to 'MM') is ignored when average != 'binary' (got 'weighted'). You may use labels=[pos_label] to specify a single positive class.
  warnings.warn(

2026-07-15 18:51:35,019:WARNING:D:\test-conda\lib\site-packages\sklearn\metrics\_classification.py:1509: UndefinedMetricWarning: Precision is ill-defined and being set to 0.0 in labels with no predicted samples. Use `zero_division` parameter to control this behavior.
  _warn_prf(average, modifier, f"{metric.capitalize()} is", len(result))

2026-07-15 18:51:35,019:WARNING:D:\test-conda\lib\site-packages\sklearn\metrics\_classification.py:1561: UserWarning: Note that pos_label (set to 'MM') is ignored when average != 'binary' (got 'weighted'). You may use labels=[pos_label] to specify a single positive class.
  warnings.warn(

2026-07-15 18:51:35,019:WARNING:D:\test-conda\lib\site-packages\sklearn\metrics\_classification.py:1561: UserWarning: Note that pos_label (set to 'MM') is ignored when average != 'binary' (got 'weighted'). You may use labels=[pos_label] to specify a single positive class.
  warnings.warn(

2026-07-15 18:51:35,019:WARNING:D:\test-conda\lib\site-packages\sklearn\metrics\_classification.py:1509: UndefinedMetricWarning: Precision is ill-defined and being set to 0.0 in labels with no predicted samples. Use `zero_division` parameter to control this behavior.
  _warn_prf(average, modifier, f"{metric.capitalize()} is", len(result))

2026-07-15 18:51:35,021:WARNING:D:\test-conda\lib\site-packages\sklearn\metrics\_classification.py:1561: UserWarning: Note that pos_label (set to 'MM') is ignored when average != 'binary' (got 'weighted'). You may use labels=[pos_label] to specify a single positive class.
  warnings.warn(

2026-07-15 18:51:35,029:INFO:Calculating mean and std
2026-07-15 18:51:35,029:INFO:Creating metrics dataframe
2026-07-15 18:51:35,029:INFO:Uploading results into container
2026-07-15 18:51:35,029:INFO:Uploading model into container now
2026-07-15 18:51:35,029:INFO:_master_model_container: 16
2026-07-15 18:51:35,029:INFO:_display_container: 2
2026-07-15 18:51:35,029:INFO:DummyClassifier(constant=None, random_state=8095, strategy='prior')
2026-07-15 18:51:35,029:INFO:create_model() successfully completed......................................
2026-07-15 18:51:35,135:INFO:SubProcess create_model() end ==================================
2026-07-15 18:51:35,135:INFO:Creating metrics dataframe
2026-07-15 18:51:35,135:WARNING:D:\test-conda\lib\site-packages\pycaret\internal\pycaret_experiment\supervised_experiment.py:323: FutureWarning: Styler.applymap has been deprecated. Use Styler.map instead.

2026-07-15 18:51:35,135:INFO:Initializing create_model()
2026-07-15 18:51:35,135:INFO:create_model(self=<pycaret.classification.oop.ClassificationExperiment object at 0x000001710A1B8D00>, estimator=RidgeClassifier(alpha=1.0, class_weight=None, copy_X=True, fit_intercept=True,
                max_iter=None, positive=False, random_state=8095, solver='auto',
                tol=0.0001), fold=StratifiedKFold(n_splits=10, random_state=None, shuffle=False), round=4, cross_validation=False, predict=False, fit_kwargs={}, groups=None, refit=True, probability_threshold=None, experiment_custom_tags=None, verbose=False, system=False, add_to_model_list=True, metrics=None, display=None, model_only=True, return_train_score=False, error_score=0.0, kwargs={})
2026-07-15 18:51:35,135:INFO:Checking exceptions
2026-07-15 18:51:35,135:INFO:Importing libraries
2026-07-15 18:51:35,135:INFO:Copying training dataset
2026-07-15 18:51:35,141:INFO:Defining folds
2026-07-15 18:51:35,141:INFO:Declaring metric variables
2026-07-15 18:51:35,143:INFO:Importing untrained model
2026-07-15 18:51:35,143:INFO:Declaring custom model
2026-07-15 18:51:35,143:INFO:Ridge Classifier Imported successfully
2026-07-15 18:51:35,143:INFO:Cross validation set to False
2026-07-15 18:51:35,143:INFO:Fitting Model
2026-07-15 18:51:35,151:INFO:RidgeClassifier(alpha=1.0, class_weight=None, copy_X=True, fit_intercept=True,
                max_iter=None, positive=False, random_state=8095, solver='auto',
                tol=0.0001)
2026-07-15 18:51:35,151:INFO:create_model() successfully completed......................................
2026-07-15 18:51:35,264:INFO:_master_model_container: 16
2026-07-15 18:51:35,264:INFO:_display_container: 2
2026-07-15 18:51:35,264:INFO:RidgeClassifier(alpha=1.0, class_weight=None, copy_X=True, fit_intercept=True,
                max_iter=None, positive=False, random_state=8095, solver='auto',
                tol=0.0001)
2026-07-15 18:51:35,264:INFO:compare_models() successfully completed......................................
2026-07-15 19:19:38,416:WARNING:
'cuml' is a soft dependency and not included in the pycaret installation. Please run: `pip install cuml` to install.
2026-07-15 19:19:38,416:WARNING:
'cuml' is a soft dependency and not included in the pycaret installation. Please run: `pip install cuml` to install.
2026-07-15 19:19:38,416:WARNING:
'cuml' is a soft dependency and not included in the pycaret installation. Please run: `pip install cuml` to install.
2026-07-15 19:19:38,416:WARNING:
'cuml' is a soft dependency and not included in the pycaret installation. Please run: `pip install cuml` to install.
2026-07-15 19:19:40,433:INFO:PyCaret ClassificationExperiment
2026-07-15 19:19:40,433:INFO:Logging name: clf-default-name
2026-07-15 19:19:40,433:INFO:ML Usecase: MLUsecase.CLASSIFICATION
2026-07-15 19:19:40,433:INFO:version 3.3.2
2026-07-15 19:19:40,433:INFO:Initializing setup()
2026-07-15 19:19:40,433:INFO:self.USI: d4ed
2026-07-15 19:19:40,433:INFO:self._variable_keys: {'gpu_n_jobs_param', '_ml_usecase', 'is_multiclass', 'exp_name_log', 'y', 'fold_groups_param', 'idx', 'log_plots_param', 'fold_generator', 'X', 'n_jobs_param', 'fold_shuffle_param', '_available_plots', 'memory', 'logging_param', 'pipeline', 'seed', 'fix_imbalance', 'exp_id', 'X_train', 'html_param', 'USI', 'y_train', 'gpu_param', 'target_param', 'X_test', 'data', 'y_test'}
2026-07-15 19:19:40,433:INFO:Checking environment
2026-07-15 19:19:40,433:INFO:python_version: 3.10.20
2026-07-15 19:19:40,433:INFO:python_build: ('main', 'Jun 11 2026 15:13:20')
2026-07-15 19:19:40,433:INFO:machine: AMD64
2026-07-15 19:19:40,476:INFO:platform: Windows-10-10.0.26200-SP0
2026-07-15 19:19:40,476:INFO:Memory: svmem(total=68054728704, available=38381166592, percent=43.6, used=29673562112, free=38381166592)
2026-07-15 19:19:40,476:INFO:Physical Core: 24
2026-07-15 19:19:40,476:INFO:Logical Core: 24
2026-07-15 19:19:40,476:INFO:Checking libraries
2026-07-15 19:19:40,476:INFO:System:
2026-07-15 19:19:40,476:INFO:    python: 3.10.20 | packaged by Anaconda, Inc. | (main, Jun 11 2026, 15:13:20) [MSC v.1942 64 bit (AMD64)]
2026-07-15 19:19:40,476:INFO:executable: D:\IT3385\env\python.exe
2026-07-15 19:19:40,476:INFO:   machine: Windows-10-10.0.26200-SP0
2026-07-15 19:19:40,476:INFO:PyCaret required dependencies:
2026-07-15 19:19:40,476:WARNING:D:\IT3385\env\lib\site-packages\_distutils_hack\__init__.py:30: UserWarning: Setuptools is replacing distutils. Support for replacing an already imported distutils is deprecated. In the future, this condition will fail. Register concerns at https://github.com/pypa/setuptools/issues/new?template=distutils-deprecation.yml
  warnings.warn(

2026-07-15 19:19:40,932:INFO:                 pip: 26.1.2
2026-07-15 19:19:40,932:INFO:          setuptools: 82.0.1
2026-07-15 19:19:40,932:INFO:             pycaret: 3.3.2
2026-07-15 19:19:40,932:INFO:             IPython: 8.39.0
2026-07-15 19:19:40,932:INFO:          ipywidgets: 8.1.8
2026-07-15 19:19:40,932:INFO:                tqdm: 4.68.4
2026-07-15 19:19:40,932:INFO:               numpy: 1.26.4
2026-07-15 19:19:40,932:INFO:              pandas: 2.1.4
2026-07-15 19:19:40,932:INFO:              jinja2: 3.1.6
2026-07-15 19:19:40,932:INFO:               scipy: 1.11.4
2026-07-15 19:19:40,932:INFO:              joblib: 1.3.2
2026-07-15 19:19:40,932:INFO:             sklearn: 1.4.2
2026-07-15 19:19:40,932:INFO:                pyod: 3.4.0
2026-07-15 19:19:40,932:INFO:            imblearn: 0.14.2
2026-07-15 19:19:40,932:INFO:   category_encoders: 2.7.0
2026-07-15 19:19:40,932:INFO:            lightgbm: 4.6.0
2026-07-15 19:19:40,932:INFO:               numba: 0.62.1
2026-07-15 19:19:40,932:INFO:            requests: 2.34.2
2026-07-15 19:19:40,932:INFO:          matplotlib: 3.7.5
2026-07-15 19:19:40,932:INFO:          scikitplot: 0.3.7
2026-07-15 19:19:40,932:INFO:         yellowbrick: 1.5
2026-07-15 19:19:40,932:INFO:              plotly: 6.8.0
2026-07-15 19:19:40,932:INFO:    plotly-resampler: Not installed
2026-07-15 19:19:40,932:INFO:             kaleido: 1.3.0
2026-07-15 19:19:40,932:INFO:           schemdraw: 0.15
2026-07-15 19:19:40,932:INFO:         statsmodels: 0.14.6
2026-07-15 19:19:40,932:INFO:              sktime: 0.26.0
2026-07-15 19:19:40,932:INFO:               tbats: 1.1.3
2026-07-15 19:19:40,932:INFO:            pmdarima: 2.0.4
2026-07-15 19:19:40,932:INFO:              psutil: 7.2.2
2026-07-15 19:19:40,932:INFO:          markupsafe: 3.0.3
2026-07-15 19:19:40,932:INFO:             pickle5: Not installed
2026-07-15 19:19:40,932:INFO:         cloudpickle: 3.1.2
2026-07-15 19:19:40,932:INFO:         deprecation: 2.1.0
2026-07-15 19:19:40,932:INFO:              xxhash: 3.8.1
2026-07-15 19:19:40,932:INFO:           wurlitzer: Not installed
2026-07-15 19:19:40,932:INFO:PyCaret optional dependencies:
2026-07-15 19:19:43,130:INFO:                shap: 0.44.1
2026-07-15 19:19:43,130:INFO:           interpret: 0.6.9
2026-07-15 19:19:43,130:INFO:                umap: 0.5.7
2026-07-15 19:19:43,130:INFO:     ydata_profiling: 4.18.4
2026-07-15 19:19:43,130:INFO:  explainerdashboard: 0.5.8
2026-07-15 19:19:43,130:INFO:             autoviz: Not installed
2026-07-15 19:19:43,130:INFO:           fairlearn: 0.7.0
2026-07-15 19:19:43,130:INFO:          deepchecks: Not installed
2026-07-15 19:19:43,130:INFO:             xgboost: 3.2.0
2026-07-15 19:19:43,130:INFO:            catboost: 1.2.10
2026-07-15 19:19:43,130:INFO:              kmodes: 0.12.2
2026-07-15 19:19:43,130:INFO:             mlxtend: 0.23.4
2026-07-15 19:19:43,130:INFO:       statsforecast: 1.5.0
2026-07-15 19:19:43,130:INFO:        tune_sklearn: Not installed
2026-07-15 19:19:43,130:INFO:                 ray: Not installed
2026-07-15 19:19:43,130:INFO:            hyperopt: 0.2.7
2026-07-15 19:19:43,130:INFO:              optuna: 4.9.0
2026-07-15 19:19:43,130:INFO:               skopt: 0.10.2
2026-07-15 19:19:43,130:INFO:              mlflow: 3.14.0
2026-07-15 19:19:43,130:INFO:              gradio: 6.20.0
2026-07-15 19:19:43,130:INFO:             fastapi: 0.139.0
2026-07-15 19:19:43,130:INFO:             uvicorn: 0.51.0
2026-07-15 19:19:43,130:INFO:              m2cgen: 0.10.0
2026-07-15 19:19:43,130:INFO:           evidently: 0.4.40
2026-07-15 19:19:43,130:INFO:               fugue: 0.8.7
2026-07-15 19:19:43,130:INFO:           streamlit: Not installed
2026-07-15 19:19:43,130:INFO:             prophet: Not installed
2026-07-15 19:19:43,130:INFO:None
2026-07-15 19:19:43,130:INFO:Set up data.
2026-07-15 19:19:43,134:INFO:Set up folding strategy.
2026-07-15 19:19:43,134:INFO:Set up train/test split.
2026-07-15 19:19:43,135:INFO:Set up index.
2026-07-15 19:19:43,135:INFO:Assigning column types.
2026-07-15 19:19:43,135:INFO:Engine successfully changes for model 'lr' to 'sklearn'.
2026-07-15 19:19:43,157:INFO:Engine for model 'knn' has not been set explicitly, hence returning None.
2026-07-15 19:19:43,159:INFO:Engine for model 'rbfsvm' has not been set explicitly, hence returning None.
2026-07-15 19:19:43,174:INFO:Soft dependency imported: xgboost: 3.2.0
2026-07-15 19:19:43,176:INFO:Soft dependency imported: catboost: 1.2.10
2026-07-15 19:19:43,213:INFO:Engine for model 'knn' has not been set explicitly, hence returning None.
2026-07-15 19:19:43,213:INFO:Engine for model 'rbfsvm' has not been set explicitly, hence returning None.
2026-07-15 19:19:43,213:INFO:Soft dependency imported: xgboost: 3.2.0
2026-07-15 19:19:43,213:INFO:Soft dependency imported: catboost: 1.2.10
2026-07-15 19:19:43,213:INFO:Engine successfully changes for model 'knn' to 'sklearn'.
2026-07-15 19:19:43,245:INFO:Engine for model 'rbfsvm' has not been set explicitly, hence returning None.
2026-07-15 19:19:43,249:INFO:Soft dependency imported: xgboost: 3.2.0
2026-07-15 19:19:43,249:INFO:Soft dependency imported: catboost: 1.2.10
2026-07-15 19:19:43,279:INFO:Engine for model 'rbfsvm' has not been set explicitly, hence returning None.
2026-07-15 19:19:43,290:INFO:Soft dependency imported: xgboost: 3.2.0
2026-07-15 19:19:43,291:INFO:Soft dependency imported: catboost: 1.2.10
2026-07-15 19:19:43,291:INFO:Engine successfully changes for model 'rbfsvm' to 'sklearn'.
2026-07-15 19:19:43,320:INFO:Soft dependency imported: xgboost: 3.2.0
2026-07-15 19:19:43,321:INFO:Soft dependency imported: catboost: 1.2.10
2026-07-15 19:19:43,345:INFO:Soft dependency imported: xgboost: 3.2.0
2026-07-15 19:19:43,345:INFO:Soft dependency imported: catboost: 1.2.10
2026-07-15 19:19:43,345:INFO:Preparing preprocessing pipeline...
2026-07-15 19:19:43,345:INFO:Set up label encoding.
2026-07-15 19:19:43,345:INFO:Set up simple imputation.
2026-07-15 19:19:43,345:INFO:Set up encoding of ordinal features.
2026-07-15 19:19:43,345:INFO:Set up encoding of categorical features.
2026-07-15 19:19:43,382:INFO:Finished creating preprocessing pipeline.
2026-07-15 19:19:43,444:INFO:Pipeline: Pipeline(memory=FastMemory(location=C:\Users\s123m\AppData\Local\Temp\joblib),
         steps=[('label_encoding',
                 TransformerWrapperWithInverse(exclude=None, include=None,
                                               transformer=LabelEncoder())),
                ('numerical_imputer',
                 TransformerWrapper(exclude=None,
                                    include=['Id', 'WeekofPurchase', 'StoreID',
                                             'PriceCH', 'PriceMM', 'DiscCH',
                                             'DiscMM', 'SpecialCH', 'SpecialMM',
                                             'Loyal...
                                                              missing_values=nan,
                                                              strategy='most_frequent'))),
                ('ordinal_encoding',
                 TransformerWrapper(exclude=None, include=['Store7'],
                                    transformer=OrdinalEncoder(cols=['Store7'],
                                                               drop_invariant=False,
                                                               handle_missing='return_nan',
                                                               handle_unknown='value',
                                                               mapping=[{'col': 'Store7',
                                                                         'data_type': dtype('O'),
                                                                         'mapping': No     0
Yes    1
NaN   -1
dtype: int64}],
                                                               return_df=True,
                                                               verbose=0)))],
         verbose=False)
2026-07-15 19:19:43,444:INFO:Creating final display dataframe.
2026-07-15 19:19:43,537:INFO:Setup _display_container:                     Description             Value
0                    Session id              7630
1                        Target          Purchase
2                   Target type            Binary
3                Target mapping      CH: 0, MM: 1
4           Original data shape        (1070, 19)
5        Transformed data shape        (1070, 19)
6   Transformed train set shape         (749, 19)
7    Transformed test set shape         (321, 19)
8              Numeric features                17
9          Categorical features                 1
10                   Preprocess              True
11              Imputation type            simple
12           Numeric imputation              mean
13       Categorical imputation              mode
14     Maximum one-hot encoding                25
15              Encoding method              None
16               Fold Generator   StratifiedKFold
17                  Fold Number                10
18                     CPU Jobs                -1
19                      Use GPU             False
20               Log Experiment             False
21              Experiment Name  clf-default-name
22                          USI              d4ed
2026-07-15 19:19:43,568:INFO:Soft dependency imported: xgboost: 3.2.0
2026-07-15 19:19:43,568:INFO:Soft dependency imported: catboost: 1.2.10
2026-07-15 19:19:43,600:INFO:Soft dependency imported: xgboost: 3.2.0
2026-07-15 19:19:43,600:INFO:Soft dependency imported: catboost: 1.2.10
2026-07-15 19:19:43,600:INFO:setup() successfully completed in 3.17s...............
2026-07-15 19:24:03,268:WARNING:
'cuml' is a soft dependency and not included in the pycaret installation. Please run: `pip install cuml` to install.
2026-07-15 19:24:03,268:WARNING:
'cuml' is a soft dependency and not included in the pycaret installation. Please run: `pip install cuml` to install.
2026-07-15 19:24:03,268:WARNING:
'cuml' is a soft dependency and not included in the pycaret installation. Please run: `pip install cuml` to install.
2026-07-15 19:24:03,268:WARNING:
'cuml' is a soft dependency and not included in the pycaret installation. Please run: `pip install cuml` to install.
2026-07-15 19:24:04,883:INFO:PyCaret ClassificationExperiment
2026-07-15 19:24:04,883:INFO:Logging name: clf-default-name
2026-07-15 19:24:04,883:INFO:ML Usecase: MLUsecase.CLASSIFICATION
2026-07-15 19:24:04,883:INFO:version 3.3.2
2026-07-15 19:24:04,883:INFO:Initializing setup()
2026-07-15 19:24:04,883:INFO:self.USI: fdc8
2026-07-15 19:24:04,883:INFO:self._variable_keys: {'y_test', 'seed', 'X_train', 'target_param', 'n_jobs_param', 'is_multiclass', 'X_test', 'pipeline', 'y', '_available_plots', 'fix_imbalance', 'gpu_param', 'log_plots_param', 'html_param', 'X', 'exp_id', 'memory', 'idx', 'y_train', '_ml_usecase', 'gpu_n_jobs_param', 'fold_groups_param', 'exp_name_log', 'data', 'USI', 'fold_shuffle_param', 'fold_generator', 'logging_param'}
2026-07-15 19:24:04,883:INFO:Checking environment
2026-07-15 19:24:04,883:INFO:python_version: 3.10.20
2026-07-15 19:24:04,883:INFO:python_build: ('main', 'Jun 11 2026 15:13:20')
2026-07-15 19:24:04,883:INFO:machine: AMD64
2026-07-15 19:24:05,100:INFO:platform: Windows-10-10.0.26200-SP0
2026-07-15 19:24:05,102:INFO:Memory: svmem(total=68054728704, available=38335709184, percent=43.7, used=29719019520, free=38335709184)
2026-07-15 19:24:05,102:INFO:Physical Core: 24
2026-07-15 19:24:05,102:INFO:Logical Core: 24
2026-07-15 19:24:05,102:INFO:Checking libraries
2026-07-15 19:24:05,102:INFO:System:
2026-07-15 19:24:05,102:INFO:    python: 3.10.20 | packaged by Anaconda, Inc. | (main, Jun 11 2026, 15:13:20) [MSC v.1942 64 bit (AMD64)]
2026-07-15 19:24:05,102:INFO:executable: D:\IT3385\IT3385\env\python.exe
2026-07-15 19:24:05,102:INFO:   machine: Windows-10-10.0.26200-SP0
2026-07-15 19:24:05,102:INFO:PyCaret required dependencies:
2026-07-15 19:24:05,102:WARNING:D:\IT3385\IT3385\env\lib\site-packages\_distutils_hack\__init__.py:30: UserWarning: Setuptools is replacing distutils. Support for replacing an already imported distutils is deprecated. In the future, this condition will fail. Register concerns at https://github.com/pypa/setuptools/issues/new?template=distutils-deprecation.yml
  warnings.warn(

2026-07-15 19:24:05,569:INFO:                 pip: 26.1.2
2026-07-15 19:24:05,569:INFO:          setuptools: 82.0.1
2026-07-15 19:24:05,569:INFO:             pycaret: 3.3.2
2026-07-15 19:24:05,569:INFO:             IPython: 8.39.0
2026-07-15 19:24:05,569:INFO:          ipywidgets: 8.1.8
2026-07-15 19:24:05,569:INFO:                tqdm: 4.68.4
2026-07-15 19:24:05,569:INFO:               numpy: 1.26.4
2026-07-15 19:24:05,569:INFO:              pandas: 2.1.4
2026-07-15 19:24:05,569:INFO:              jinja2: 3.1.6
2026-07-15 19:24:05,569:INFO:               scipy: 1.11.4
2026-07-15 19:24:05,570:INFO:              joblib: 1.3.2
2026-07-15 19:24:05,570:INFO:             sklearn: 1.4.2
2026-07-15 19:24:05,570:INFO:                pyod: 3.4.0
2026-07-15 19:24:05,570:INFO:            imblearn: 0.14.2
2026-07-15 19:24:05,570:INFO:   category_encoders: 2.7.0
2026-07-15 19:24:05,570:INFO:            lightgbm: 4.6.0
2026-07-15 19:24:05,570:INFO:               numba: 0.62.1
2026-07-15 19:24:05,570:INFO:            requests: 2.34.2
2026-07-15 19:24:05,570:INFO:          matplotlib: 3.7.5
2026-07-15 19:24:05,570:INFO:          scikitplot: 0.3.7
2026-07-15 19:24:05,570:INFO:         yellowbrick: 1.5
2026-07-15 19:24:05,570:INFO:              plotly: 6.8.0
2026-07-15 19:24:05,570:INFO:    plotly-resampler: Not installed
2026-07-15 19:24:05,570:INFO:             kaleido: 1.3.0
2026-07-15 19:24:05,570:INFO:           schemdraw: 0.15
2026-07-15 19:24:05,570:INFO:         statsmodels: 0.14.6
2026-07-15 19:24:05,570:INFO:              sktime: 0.26.0
2026-07-15 19:24:05,570:INFO:               tbats: 1.1.3
2026-07-15 19:24:05,570:INFO:            pmdarima: 2.0.4
2026-07-15 19:24:05,570:INFO:              psutil: 7.2.2
2026-07-15 19:24:05,571:INFO:          markupsafe: 3.0.3
2026-07-15 19:24:05,571:INFO:             pickle5: Not installed
2026-07-15 19:24:05,571:INFO:         cloudpickle: 3.1.2
2026-07-15 19:24:05,571:INFO:         deprecation: 2.1.0
2026-07-15 19:24:05,571:INFO:              xxhash: 3.8.1
2026-07-15 19:24:05,571:INFO:           wurlitzer: Not installed
2026-07-15 19:24:05,571:INFO:PyCaret optional dependencies:
2026-07-15 19:24:07,742:INFO:                shap: 0.44.1
2026-07-15 19:24:07,743:INFO:           interpret: 0.6.9
2026-07-15 19:24:07,743:INFO:                umap: 0.5.7
2026-07-15 19:24:07,743:INFO:     ydata_profiling: 4.18.4
2026-07-15 19:24:07,743:INFO:  explainerdashboard: 0.5.8
2026-07-15 19:24:07,743:INFO:             autoviz: Not installed
2026-07-15 19:24:07,743:INFO:           fairlearn: 0.7.0
2026-07-15 19:24:07,743:INFO:          deepchecks: Not installed
2026-07-15 19:24:07,743:INFO:             xgboost: 3.2.0
2026-07-15 19:24:07,743:INFO:            catboost: 1.2.10
2026-07-15 19:24:07,743:INFO:              kmodes: 0.12.2
2026-07-15 19:24:07,743:INFO:             mlxtend: 0.23.4
2026-07-15 19:24:07,743:INFO:       statsforecast: 1.5.0
2026-07-15 19:24:07,743:INFO:        tune_sklearn: Not installed
2026-07-15 19:24:07,743:INFO:                 ray: Not installed
2026-07-15 19:24:07,743:INFO:            hyperopt: 0.2.7
2026-07-15 19:24:07,743:INFO:              optuna: 4.9.0
2026-07-15 19:24:07,743:INFO:               skopt: 0.10.2
2026-07-15 19:24:07,743:INFO:              mlflow: 3.14.0
2026-07-15 19:24:07,743:INFO:              gradio: 6.20.0
2026-07-15 19:24:07,743:INFO:             fastapi: 0.139.0
2026-07-15 19:24:07,743:INFO:             uvicorn: 0.51.0
2026-07-15 19:24:07,743:INFO:              m2cgen: 0.10.0
2026-07-15 19:24:07,743:INFO:           evidently: 0.4.40
2026-07-15 19:24:07,743:INFO:               fugue: 0.8.7
2026-07-15 19:24:07,743:INFO:           streamlit: Not installed
2026-07-15 19:24:07,743:INFO:             prophet: Not installed
2026-07-15 19:24:07,743:INFO:None
2026-07-15 19:24:07,743:INFO:Set up data.
2026-07-15 19:24:07,747:INFO:Set up folding strategy.
2026-07-15 19:24:07,747:INFO:Set up train/test split.
2026-07-15 19:24:07,750:INFO:Set up index.
2026-07-15 19:24:07,750:INFO:Assigning column types.
2026-07-15 19:24:07,752:INFO:Engine successfully changes for model 'lr' to 'sklearn'.
2026-07-15 19:24:07,759:INFO:Engine for model 'knn' has not been set explicitly, hence returning None.
2026-07-15 19:24:07,759:INFO:Engine for model 'rbfsvm' has not been set explicitly, hence returning None.
2026-07-15 19:24:07,785:INFO:Soft dependency imported: xgboost: 3.2.0
2026-07-15 19:24:07,787:INFO:Soft dependency imported: catboost: 1.2.10
2026-07-15 19:24:07,825:INFO:Engine for model 'knn' has not been set explicitly, hence returning None.
2026-07-15 19:24:07,825:INFO:Engine for model 'rbfsvm' has not been set explicitly, hence returning None.
2026-07-15 19:24:07,837:INFO:Soft dependency imported: xgboost: 3.2.0
2026-07-15 19:24:07,837:INFO:Soft dependency imported: catboost: 1.2.10
2026-07-15 19:24:07,839:INFO:Engine successfully changes for model 'knn' to 'sklearn'.
2026-07-15 19:24:07,855:INFO:Engine for model 'rbfsvm' has not been set explicitly, hence returning None.
2026-07-15 19:24:07,865:INFO:Soft dependency imported: xgboost: 3.2.0
2026-07-15 19:24:07,866:INFO:Soft dependency imported: catboost: 1.2.10
2026-07-15 19:24:07,885:INFO:Engine for model 'rbfsvm' has not been set explicitly, hence returning None.
2026-07-15 19:24:07,885:INFO:Soft dependency imported: xgboost: 3.2.0
2026-07-15 19:24:07,885:INFO:Soft dependency imported: catboost: 1.2.10
2026-07-15 19:24:07,885:INFO:Engine successfully changes for model 'rbfsvm' to 'sklearn'.
2026-07-15 19:24:07,916:INFO:Soft dependency imported: xgboost: 3.2.0
2026-07-15 19:24:07,916:INFO:Soft dependency imported: catboost: 1.2.10
2026-07-15 19:24:07,950:INFO:Soft dependency imported: xgboost: 3.2.0
2026-07-15 19:24:07,952:INFO:Soft dependency imported: catboost: 1.2.10
2026-07-15 19:24:07,952:INFO:Preparing preprocessing pipeline...
2026-07-15 19:24:07,954:INFO:Set up label encoding.
2026-07-15 19:24:07,954:INFO:Set up simple imputation.
2026-07-15 19:24:07,956:INFO:Set up encoding of ordinal features.
2026-07-15 19:24:07,956:INFO:Set up encoding of categorical features.
2026-07-15 19:24:07,978:INFO:Finished creating preprocessing pipeline.
2026-07-15 19:24:08,026:INFO:Pipeline: Pipeline(memory=FastMemory(location=C:\Users\s123m\AppData\Local\Temp\joblib),
         steps=[('label_encoding',
                 TransformerWrapperWithInverse(exclude=None, include=None,
                                               transformer=LabelEncoder())),
                ('numerical_imputer',
                 TransformerWrapper(exclude=None,
                                    include=['Id', 'WeekofPurchase', 'StoreID',
                                             'PriceCH', 'PriceMM', 'DiscCH',
                                             'DiscMM', 'SpecialCH', 'SpecialMM',
                                             'Loyal...
                                                              missing_values=nan,
                                                              strategy='most_frequent'))),
                ('ordinal_encoding',
                 TransformerWrapper(exclude=None, include=['Store7'],
                                    transformer=OrdinalEncoder(cols=['Store7'],
                                                               drop_invariant=False,
                                                               handle_missing='return_nan',
                                                               handle_unknown='value',
                                                               mapping=[{'col': 'Store7',
                                                                         'data_type': dtype('O'),
                                                                         'mapping': No     0
Yes    1
NaN   -1
dtype: int64}],
                                                               return_df=True,
                                                               verbose=0)))],
         verbose=False)
2026-07-15 19:24:08,026:INFO:Creating final display dataframe.
2026-07-15 19:24:08,109:INFO:Setup _display_container:                     Description             Value
0                    Session id              8767
1                        Target          Purchase
2                   Target type            Binary
3                Target mapping      CH: 0, MM: 1
4           Original data shape        (1070, 19)
5        Transformed data shape        (1070, 19)
6   Transformed train set shape         (749, 19)
7    Transformed test set shape         (321, 19)
8              Numeric features                17
9          Categorical features                 1
10                   Preprocess              True
11              Imputation type            simple
12           Numeric imputation              mean
13       Categorical imputation              mode
14     Maximum one-hot encoding                25
15              Encoding method              None
16               Fold Generator   StratifiedKFold
17                  Fold Number                10
18                     CPU Jobs                -1
19                      Use GPU             False
20               Log Experiment             False
21              Experiment Name  clf-default-name
22                          USI              fdc8
2026-07-15 19:24:08,137:INFO:Soft dependency imported: xgboost: 3.2.0
2026-07-15 19:24:08,138:INFO:Soft dependency imported: catboost: 1.2.10
2026-07-15 19:24:08,165:INFO:Soft dependency imported: xgboost: 3.2.0
2026-07-15 19:24:08,166:INFO:Soft dependency imported: catboost: 1.2.10
2026-07-15 19:24:08,166:INFO:setup() successfully completed in 3.29s...............
2026-07-15 19:28:01,525:WARNING:
'cuml' is a soft dependency and not included in the pycaret installation. Please run: `pip install cuml` to install.
2026-07-15 19:28:01,525:WARNING:
'cuml' is a soft dependency and not included in the pycaret installation. Please run: `pip install cuml` to install.
2026-07-15 19:28:01,525:WARNING:
'cuml' is a soft dependency and not included in the pycaret installation. Please run: `pip install cuml` to install.
2026-07-15 19:28:01,525:WARNING:
'cuml' is a soft dependency and not included in the pycaret installation. Please run: `pip install cuml` to install.
2026-07-15 19:28:02,884:INFO:PyCaret ClassificationExperiment
2026-07-15 19:28:02,884:INFO:Logging name: clf-default-name
2026-07-15 19:28:02,884:INFO:ML Usecase: MLUsecase.CLASSIFICATION
2026-07-15 19:28:02,884:INFO:version 3.3.2
2026-07-15 19:28:02,884:INFO:Initializing setup()
2026-07-15 19:28:02,884:INFO:self.USI: 953b
2026-07-15 19:28:02,884:INFO:self._variable_keys: {'_ml_usecase', 'fold_generator', 'memory', 'exp_name_log', 'data', 'fix_imbalance', 'log_plots_param', 'exp_id', 'n_jobs_param', 'idx', 'target_param', 'X_train', 'USI', 'y_train', 'is_multiclass', 'fold_groups_param', 'gpu_param', 'pipeline', 'X', '_available_plots', 'logging_param', 'fold_shuffle_param', 'y_test', 'X_test', 'y', 'seed', 'gpu_n_jobs_param', 'html_param'}
2026-07-15 19:28:02,884:INFO:Checking environment
2026-07-15 19:28:02,884:INFO:python_version: 3.10.20
2026-07-15 19:28:02,884:INFO:python_build: ('main', 'Jun 11 2026 15:13:20')
2026-07-15 19:28:02,884:INFO:machine: AMD64
2026-07-15 19:28:02,925:INFO:platform: Windows-10-10.0.26200-SP0
2026-07-15 19:28:02,927:INFO:Memory: svmem(total=68054728704, available=33788145664, percent=50.4, used=34266583040, free=33788145664)
2026-07-15 19:28:02,927:INFO:Physical Core: 24
2026-07-15 19:28:02,927:INFO:Logical Core: 24
2026-07-15 19:28:02,927:INFO:Checking libraries
2026-07-15 19:28:02,927:INFO:System:
2026-07-15 19:28:02,927:INFO:    python: 3.10.20 | packaged by Anaconda, Inc. | (main, Jun 11 2026, 15:13:20) [MSC v.1942 64 bit (AMD64)]
2026-07-15 19:28:02,927:INFO:executable: D:\IT3385\IT3385\env\python.exe
2026-07-15 19:28:02,927:INFO:   machine: Windows-10-10.0.26200-SP0
2026-07-15 19:28:02,927:INFO:PyCaret required dependencies:
2026-07-15 19:28:02,929:WARNING:D:\IT3385\IT3385\env\lib\site-packages\_distutils_hack\__init__.py:30: UserWarning: Setuptools is replacing distutils. Support for replacing an already imported distutils is deprecated. In the future, this condition will fail. Register concerns at https://github.com/pypa/setuptools/issues/new?template=distutils-deprecation.yml
  warnings.warn(

2026-07-15 19:28:03,391:INFO:                 pip: 26.1.2
2026-07-15 19:28:03,391:INFO:          setuptools: 82.0.1
2026-07-15 19:28:03,391:INFO:             pycaret: 3.3.2
2026-07-15 19:28:03,391:INFO:             IPython: 8.39.0
2026-07-15 19:28:03,391:INFO:          ipywidgets: 8.1.8
2026-07-15 19:28:03,391:INFO:                tqdm: 4.68.4
2026-07-15 19:28:03,391:INFO:               numpy: 1.26.4
2026-07-15 19:28:03,391:INFO:              pandas: 2.1.4
2026-07-15 19:28:03,391:INFO:              jinja2: 3.1.6
2026-07-15 19:28:03,391:INFO:               scipy: 1.11.4
2026-07-15 19:28:03,391:INFO:              joblib: 1.3.2
2026-07-15 19:28:03,391:INFO:             sklearn: 1.4.2
2026-07-15 19:28:03,391:INFO:                pyod: 3.4.0
2026-07-15 19:28:03,391:INFO:            imblearn: 0.14.2
2026-07-15 19:28:03,391:INFO:   category_encoders: 2.7.0
2026-07-15 19:28:03,391:INFO:            lightgbm: 4.6.0
2026-07-15 19:28:03,391:INFO:               numba: 0.62.1
2026-07-15 19:28:03,391:INFO:            requests: 2.34.2
2026-07-15 19:28:03,391:INFO:          matplotlib: 3.7.5
2026-07-15 19:28:03,391:INFO:          scikitplot: 0.3.7
2026-07-15 19:28:03,391:INFO:         yellowbrick: 1.5
2026-07-15 19:28:03,391:INFO:              plotly: 6.8.0
2026-07-15 19:28:03,391:INFO:    plotly-resampler: Not installed
2026-07-15 19:28:03,391:INFO:             kaleido: 1.3.0
2026-07-15 19:28:03,391:INFO:           schemdraw: 0.15
2026-07-15 19:28:03,391:INFO:         statsmodels: 0.14.6
2026-07-15 19:28:03,391:INFO:              sktime: 0.26.0
2026-07-15 19:28:03,391:INFO:               tbats: 1.1.3
2026-07-15 19:28:03,391:INFO:            pmdarima: 2.0.4
2026-07-15 19:28:03,391:INFO:              psutil: 7.2.2
2026-07-15 19:28:03,391:INFO:          markupsafe: 3.0.3
2026-07-15 19:28:03,391:INFO:             pickle5: Not installed
2026-07-15 19:28:03,391:INFO:         cloudpickle: 3.1.2
2026-07-15 19:28:03,391:INFO:         deprecation: 2.1.0
2026-07-15 19:28:03,391:INFO:              xxhash: 3.8.1
2026-07-15 19:28:03,391:INFO:           wurlitzer: Not installed
2026-07-15 19:28:03,391:INFO:PyCaret optional dependencies:
2026-07-15 19:28:05,525:INFO:                shap: 0.44.1
2026-07-15 19:28:05,525:INFO:           interpret: 0.6.9
2026-07-15 19:28:05,525:INFO:                umap: 0.5.7
2026-07-15 19:28:05,525:INFO:     ydata_profiling: 4.18.4
2026-07-15 19:28:05,525:INFO:  explainerdashboard: 0.5.8
2026-07-15 19:28:05,525:INFO:             autoviz: Not installed
2026-07-15 19:28:05,525:INFO:           fairlearn: 0.7.0
2026-07-15 19:28:05,525:INFO:          deepchecks: Not installed
2026-07-15 19:28:05,525:INFO:             xgboost: 3.2.0
2026-07-15 19:28:05,525:INFO:            catboost: 1.2.10
2026-07-15 19:28:05,525:INFO:              kmodes: 0.12.2
2026-07-15 19:28:05,525:INFO:             mlxtend: 0.23.4
2026-07-15 19:28:05,525:INFO:       statsforecast: 1.5.0
2026-07-15 19:28:05,525:INFO:        tune_sklearn: Not installed
2026-07-15 19:28:05,525:INFO:                 ray: Not installed
2026-07-15 19:28:05,525:INFO:            hyperopt: 0.2.7
2026-07-15 19:28:05,525:INFO:              optuna: 4.9.0
2026-07-15 19:28:05,525:INFO:               skopt: 0.10.2
2026-07-15 19:28:05,525:INFO:              mlflow: 3.14.0
2026-07-15 19:28:05,525:INFO:              gradio: 6.20.0
2026-07-15 19:28:05,525:INFO:             fastapi: 0.139.0
2026-07-15 19:28:05,525:INFO:             uvicorn: 0.51.0
2026-07-15 19:28:05,525:INFO:              m2cgen: 0.10.0
2026-07-15 19:28:05,525:INFO:           evidently: 0.4.40
2026-07-15 19:28:05,525:INFO:               fugue: 0.8.7
2026-07-15 19:28:05,525:INFO:           streamlit: Not installed
2026-07-15 19:28:05,525:INFO:             prophet: Not installed
2026-07-15 19:28:05,525:INFO:None
2026-07-15 19:28:05,526:INFO:Set up data.
2026-07-15 19:28:05,529:INFO:Set up folding strategy.
2026-07-15 19:28:05,529:INFO:Set up train/test split.
2026-07-15 19:28:05,532:INFO:Set up index.
2026-07-15 19:28:05,532:INFO:Assigning column types.
2026-07-15 19:28:05,534:INFO:Engine successfully changes for model 'lr' to 'sklearn'.
2026-07-15 19:28:05,551:INFO:Engine for model 'knn' has not been set explicitly, hence returning None.
2026-07-15 19:28:05,553:INFO:Engine for model 'rbfsvm' has not been set explicitly, hence returning None.
2026-07-15 19:28:05,567:INFO:Soft dependency imported: xgboost: 3.2.0
2026-07-15 19:28:05,569:INFO:Soft dependency imported: catboost: 1.2.10
2026-07-15 19:28:05,609:INFO:Engine for model 'knn' has not been set explicitly, hence returning None.
2026-07-15 19:28:05,609:INFO:Engine for model 'rbfsvm' has not been set explicitly, hence returning None.
2026-07-15 19:28:05,618:INFO:Soft dependency imported: xgboost: 3.2.0
2026-07-15 19:28:05,621:INFO:Soft dependency imported: catboost: 1.2.10
2026-07-15 19:28:05,621:INFO:Engine successfully changes for model 'knn' to 'sklearn'.
2026-07-15 19:28:05,638:INFO:Engine for model 'rbfsvm' has not been set explicitly, hence returning None.
2026-07-15 19:28:05,643:INFO:Soft dependency imported: xgboost: 3.2.0
2026-07-15 19:28:05,650:INFO:Soft dependency imported: catboost: 1.2.10
2026-07-15 19:28:05,668:INFO:Engine for model 'rbfsvm' has not been set explicitly, hence returning None.
2026-07-15 19:28:05,679:INFO:Soft dependency imported: xgboost: 3.2.0
2026-07-15 19:28:05,679:INFO:Soft dependency imported: catboost: 1.2.10
2026-07-15 19:28:05,679:INFO:Engine successfully changes for model 'rbfsvm' to 'sklearn'.
2026-07-15 19:28:05,708:INFO:Soft dependency imported: xgboost: 3.2.0
2026-07-15 19:28:05,710:INFO:Soft dependency imported: catboost: 1.2.10
2026-07-15 19:28:05,737:INFO:Soft dependency imported: xgboost: 3.2.0
2026-07-15 19:28:05,738:INFO:Soft dependency imported: catboost: 1.2.10
2026-07-15 19:28:05,740:INFO:Preparing preprocessing pipeline...
2026-07-15 19:28:05,740:INFO:Set up label encoding.
2026-07-15 19:28:05,740:INFO:Set up simple imputation.
2026-07-15 19:28:05,742:INFO:Set up encoding of ordinal features.
2026-07-15 19:28:05,742:INFO:Set up encoding of categorical features.
2026-07-15 19:28:05,768:INFO:Finished creating preprocessing pipeline.
2026-07-15 19:28:05,806:INFO:Pipeline: Pipeline(memory=FastMemory(location=C:\Users\s123m\AppData\Local\Temp\joblib),
         steps=[('label_encoding',
                 TransformerWrapperWithInverse(exclude=None, include=None,
                                               transformer=LabelEncoder())),
                ('numerical_imputer',
                 TransformerWrapper(exclude=None,
                                    include=['Id', 'WeekofPurchase', 'StoreID',
                                             'PriceCH', 'PriceMM', 'DiscCH',
                                             'DiscMM', 'SpecialCH', 'SpecialMM',
                                             'Loyal...
                                                              missing_values=nan,
                                                              strategy='most_frequent'))),
                ('ordinal_encoding',
                 TransformerWrapper(exclude=None, include=['Store7'],
                                    transformer=OrdinalEncoder(cols=['Store7'],
                                                               drop_invariant=False,
                                                               handle_missing='return_nan',
                                                               handle_unknown='value',
                                                               mapping=[{'col': 'Store7',
                                                                         'data_type': dtype('O'),
                                                                         'mapping': No     0
Yes    1
NaN   -1
dtype: int64}],
                                                               return_df=True,
                                                               verbose=0)))],
         verbose=False)
2026-07-15 19:28:05,806:INFO:Creating final display dataframe.
2026-07-15 19:28:05,887:INFO:Setup _display_container:                     Description             Value
0                    Session id              1336
1                        Target          Purchase
2                   Target type            Binary
3                Target mapping      CH: 0, MM: 1
4           Original data shape        (1070, 19)
5        Transformed data shape        (1070, 19)
6   Transformed train set shape         (749, 19)
7    Transformed test set shape         (321, 19)
8              Numeric features                17
9          Categorical features                 1
10                   Preprocess              True
11              Imputation type            simple
12           Numeric imputation              mean
13       Categorical imputation              mode
14     Maximum one-hot encoding                25
15              Encoding method              None
16               Fold Generator   StratifiedKFold
17                  Fold Number                10
18                     CPU Jobs                -1
19                      Use GPU             False
20               Log Experiment             False
21              Experiment Name  clf-default-name
22                          USI              953b
2026-07-15 19:28:05,900:INFO:Soft dependency imported: xgboost: 3.2.0
2026-07-15 19:28:05,900:INFO:Soft dependency imported: catboost: 1.2.10
2026-07-15 19:28:05,946:INFO:Soft dependency imported: xgboost: 3.2.0
2026-07-15 19:28:05,946:INFO:Soft dependency imported: catboost: 1.2.10
2026-07-15 19:28:05,947:INFO:setup() successfully completed in 3.06s...............
2026-07-15 22:28:38,637:WARNING:
'cuml' is a soft dependency and not included in the pycaret installation. Please run: `pip install cuml` to install.
2026-07-15 22:28:38,638:WARNING:
'cuml' is a soft dependency and not included in the pycaret installation. Please run: `pip install cuml` to install.
2026-07-15 22:28:38,638:WARNING:
'cuml' is a soft dependency and not included in the pycaret installation. Please run: `pip install cuml` to install.
2026-07-15 22:28:38,638:WARNING:
'cuml' is a soft dependency and not included in the pycaret installation. Please run: `pip install cuml` to install.
2026-07-15 22:28:47,087:INFO:PyCaret ClassificationExperiment
2026-07-15 22:28:47,087:INFO:Logging name: clf-default-name
2026-07-15 22:28:47,087:INFO:ML Usecase: MLUsecase.CLASSIFICATION
2026-07-15 22:28:47,087:INFO:version 3.3.2
2026-07-15 22:28:47,087:INFO:Initializing setup()
2026-07-15 22:28:47,087:INFO:self.USI: 0d68
2026-07-15 22:28:47,087:INFO:self._variable_keys: {'X_test', 'exp_name_log', 'y_train', 'y_test', 'pipeline', 'X', 'USI', 'X_train', 'exp_id', 'y', 'is_multiclass', 'html_param', 'seed', 'data', 'gpu_param', 'gpu_n_jobs_param', 'fold_groups_param', 'logging_param', '_available_plots', 'fold_generator', 'idx', 'target_param', 'log_plots_param', 'memory', 'fold_shuffle_param', 'fix_imbalance', 'n_jobs_param', '_ml_usecase'}
2026-07-15 22:28:47,087:INFO:Checking environment
2026-07-15 22:28:47,087:INFO:python_version: 3.10.20
2026-07-15 22:28:47,087:INFO:python_build: ('main', 'Jun 11 2026 15:13:20')
2026-07-15 22:28:47,087:INFO:machine: AMD64
2026-07-15 22:28:47,127:INFO:platform: Windows-10-10.0.26200-SP0
2026-07-15 22:28:47,127:INFO:Memory: svmem(total=51444269056, available=30799048704, percent=40.1, used=20645220352, free=30799048704)
2026-07-15 22:28:47,127:INFO:Physical Core: 6
2026-07-15 22:28:47,127:INFO:Logical Core: 12
2026-07-15 22:28:47,127:INFO:Checking libraries
2026-07-15 22:28:47,127:INFO:System:
2026-07-15 22:28:47,127:INFO:    python: 3.10.20 | packaged by Anaconda, Inc. | (main, Jun 11 2026, 15:13:20) [MSC v.1942 64 bit (AMD64)]
2026-07-15 22:28:47,127:INFO:executable: C:\temp\IT3385\env\python.exe
2026-07-15 22:28:47,128:INFO:   machine: Windows-10-10.0.26200-SP0
2026-07-15 22:28:47,128:INFO:PyCaret required dependencies:
2026-07-15 22:28:47,128:WARNING:C:\temp\IT3385\env\lib\site-packages\_distutils_hack\__init__.py:30: UserWarning: Setuptools is replacing distutils. Support for replacing an already imported distutils is deprecated. In the future, this condition will fail. Register concerns at https://github.com/pypa/setuptools/issues/new?template=distutils-deprecation.yml
  warnings.warn(

2026-07-15 22:28:48,370:INFO:                 pip: 26.1.2
2026-07-15 22:28:48,371:INFO:          setuptools: 82.0.1
2026-07-15 22:28:48,371:INFO:             pycaret: 3.3.2
2026-07-15 22:28:48,371:INFO:             IPython: 8.39.0
2026-07-15 22:28:48,371:INFO:          ipywidgets: 8.1.8
2026-07-15 22:28:48,371:INFO:                tqdm: 4.68.4
2026-07-15 22:28:48,371:INFO:               numpy: 1.26.4
2026-07-15 22:28:48,371:INFO:              pandas: 2.1.4
2026-07-15 22:28:48,371:INFO:              jinja2: 3.1.6
2026-07-15 22:28:48,372:INFO:               scipy: 1.11.4
2026-07-15 22:28:48,372:INFO:              joblib: 1.3.2
2026-07-15 22:28:48,372:INFO:             sklearn: 1.4.2
2026-07-15 22:28:48,372:INFO:                pyod: 3.4.0
2026-07-15 22:28:48,372:INFO:            imblearn: 0.14.2
2026-07-15 22:28:48,372:INFO:   category_encoders: 2.7.0
2026-07-15 22:28:48,372:INFO:            lightgbm: 4.6.0
2026-07-15 22:28:48,372:INFO:               numba: 0.62.1
2026-07-15 22:28:48,372:INFO:            requests: 2.34.2
2026-07-15 22:28:48,372:INFO:          matplotlib: 3.7.5
2026-07-15 22:28:48,372:INFO:          scikitplot: 0.3.7
2026-07-15 22:28:48,372:INFO:         yellowbrick: 1.5
2026-07-15 22:28:48,372:INFO:              plotly: 6.8.0
2026-07-15 22:28:48,372:INFO:    plotly-resampler: Not installed
2026-07-15 22:28:48,372:INFO:             kaleido: 1.3.0
2026-07-15 22:28:48,372:INFO:           schemdraw: 0.15
2026-07-15 22:28:48,372:INFO:         statsmodels: 0.14.6
2026-07-15 22:28:48,372:INFO:              sktime: 0.26.0
2026-07-15 22:28:48,372:INFO:               tbats: 1.1.3
2026-07-15 22:28:48,372:INFO:            pmdarima: 2.0.4
2026-07-15 22:28:48,372:INFO:              psutil: 7.2.2
2026-07-15 22:28:48,372:INFO:          markupsafe: 3.0.3
2026-07-15 22:28:48,372:INFO:             pickle5: Not installed
2026-07-15 22:28:48,372:INFO:         cloudpickle: 3.1.2
2026-07-15 22:28:48,372:INFO:         deprecation: 2.1.0
2026-07-15 22:28:48,372:INFO:              xxhash: 3.8.1
2026-07-15 22:28:48,372:INFO:           wurlitzer: Not installed
2026-07-15 22:28:48,372:INFO:PyCaret optional dependencies:
2026-07-15 22:28:59,839:INFO:                shap: 0.44.1
2026-07-15 22:28:59,839:INFO:           interpret: 0.6.9
2026-07-15 22:28:59,839:INFO:                umap: 0.5.7
2026-07-15 22:28:59,839:INFO:     ydata_profiling: 4.18.4
2026-07-15 22:28:59,839:INFO:  explainerdashboard: 0.5.8
2026-07-15 22:28:59,840:INFO:             autoviz: Not installed
2026-07-15 22:28:59,840:INFO:           fairlearn: 0.7.0
2026-07-15 22:28:59,840:INFO:          deepchecks: Not installed
2026-07-15 22:28:59,840:INFO:             xgboost: 3.2.0
2026-07-15 22:28:59,840:INFO:            catboost: 1.2.10
2026-07-15 22:28:59,840:INFO:              kmodes: 0.12.2
2026-07-15 22:28:59,840:INFO:             mlxtend: 0.23.4
2026-07-15 22:28:59,840:INFO:       statsforecast: 1.5.0
2026-07-15 22:28:59,840:INFO:        tune_sklearn: Not installed
2026-07-15 22:28:59,840:INFO:                 ray: Not installed
2026-07-15 22:28:59,840:INFO:            hyperopt: 0.2.7
2026-07-15 22:28:59,840:INFO:              optuna: 4.9.0
2026-07-15 22:28:59,840:INFO:               skopt: 0.10.2
2026-07-15 22:28:59,840:INFO:              mlflow: 3.14.0
2026-07-15 22:28:59,840:INFO:              gradio: 6.20.0
2026-07-15 22:28:59,840:INFO:             fastapi: 0.139.0
2026-07-15 22:28:59,840:INFO:             uvicorn: 0.51.0
2026-07-15 22:28:59,840:INFO:              m2cgen: 0.10.0
2026-07-15 22:28:59,840:INFO:           evidently: 0.4.40
2026-07-15 22:28:59,840:INFO:               fugue: 0.8.7
2026-07-15 22:28:59,840:INFO:           streamlit: Not installed
2026-07-15 22:28:59,841:INFO:             prophet: Not installed
2026-07-15 22:28:59,841:INFO:None
2026-07-15 22:28:59,841:INFO:Set up data.
2026-07-15 22:28:59,847:INFO:Set up folding strategy.
2026-07-15 22:28:59,847:INFO:Set up train/test split.
2026-07-15 22:28:59,851:INFO:Set up index.
2026-07-15 22:28:59,851:INFO:Assigning column types.
2026-07-15 22:28:59,855:INFO:Engine successfully changes for model 'lr' to 'sklearn'.
2026-07-15 22:28:59,887:INFO:Engine for model 'knn' has not been set explicitly, hence returning None.
2026-07-15 22:28:59,904:INFO:Engine for model 'rbfsvm' has not been set explicitly, hence returning None.
2026-07-15 22:28:59,986:INFO:Soft dependency imported: xgboost: 3.2.0
2026-07-15 22:28:59,989:INFO:Soft dependency imported: catboost: 1.2.10
2026-07-15 22:29:00,061:INFO:Engine for model 'knn' has not been set explicitly, hence returning None.
2026-07-15 22:29:00,062:INFO:Engine for model 'rbfsvm' has not been set explicitly, hence returning None.
2026-07-15 22:29:00,082:INFO:Soft dependency imported: xgboost: 3.2.0
2026-07-15 22:29:00,084:INFO:Soft dependency imported: catboost: 1.2.10
2026-07-15 22:29:00,084:INFO:Engine successfully changes for model 'knn' to 'sklearn'.
2026-07-15 22:29:00,118:INFO:Engine for model 'rbfsvm' has not been set explicitly, hence returning None.
2026-07-15 22:29:00,138:INFO:Soft dependency imported: xgboost: 3.2.0
2026-07-15 22:29:00,140:INFO:Soft dependency imported: catboost: 1.2.10
2026-07-15 22:29:00,173:INFO:Engine for model 'rbfsvm' has not been set explicitly, hence returning None.
2026-07-15 22:29:00,194:INFO:Soft dependency imported: xgboost: 3.2.0
2026-07-15 22:29:00,196:INFO:Soft dependency imported: catboost: 1.2.10
2026-07-15 22:29:00,197:INFO:Engine successfully changes for model 'rbfsvm' to 'sklearn'.
2026-07-15 22:29:00,251:INFO:Soft dependency imported: xgboost: 3.2.0
2026-07-15 22:29:00,253:INFO:Soft dependency imported: catboost: 1.2.10
2026-07-15 22:29:00,307:INFO:Soft dependency imported: xgboost: 3.2.0
2026-07-15 22:29:00,308:INFO:Soft dependency imported: catboost: 1.2.10
2026-07-15 22:29:00,311:INFO:Preparing preprocessing pipeline...
2026-07-15 22:29:00,313:INFO:Set up label encoding.
2026-07-15 22:29:00,313:INFO:Set up simple imputation.
2026-07-15 22:29:00,315:INFO:Set up encoding of ordinal features.
2026-07-15 22:29:00,316:INFO:Set up encoding of categorical features.
2026-07-15 22:29:00,359:INFO:Finished creating preprocessing pipeline.
2026-07-15 22:29:00,377:INFO:Pipeline: Pipeline(memory=FastMemory(location=C:\Users\s123m\AppData\Local\Temp\joblib),
         steps=[('label_encoding',
                 TransformerWrapperWithInverse(exclude=None, include=None,
                                               transformer=LabelEncoder())),
                ('numerical_imputer',
                 TransformerWrapper(exclude=None,
                                    include=['Id', 'WeekofPurchase', 'StoreID',
                                             'PriceCH', 'PriceMM', 'DiscCH',
                                             'DiscMM', 'SpecialCH', 'SpecialMM',
                                             'Loyal...
                                                              missing_values=nan,
                                                              strategy='most_frequent'))),
                ('ordinal_encoding',
                 TransformerWrapper(exclude=None, include=['Store7'],
                                    transformer=OrdinalEncoder(cols=['Store7'],
                                                               drop_invariant=False,
                                                               handle_missing='return_nan',
                                                               handle_unknown='value',
                                                               mapping=[{'col': 'Store7',
                                                                         'data_type': dtype('O'),
                                                                         'mapping': No     0
Yes    1
NaN   -1
dtype: int64}],
                                                               return_df=True,
                                                               verbose=0)))],
         verbose=False)
2026-07-15 22:29:00,377:INFO:Creating final display dataframe.
2026-07-15 22:29:00,517:INFO:Setup _display_container:                     Description             Value
0                    Session id              7352
1                        Target          Purchase
2                   Target type            Binary
3                Target mapping      CH: 0, MM: 1
4           Original data shape        (1070, 19)
5        Transformed data shape        (1070, 19)
6   Transformed train set shape         (749, 19)
7    Transformed test set shape         (321, 19)
8              Numeric features                17
9          Categorical features                 1
10                   Preprocess              True
11              Imputation type            simple
12           Numeric imputation              mean
13       Categorical imputation              mode
14     Maximum one-hot encoding                25
15              Encoding method              None
16               Fold Generator   StratifiedKFold
17                  Fold Number                10
18                     CPU Jobs                -1
19                      Use GPU             False
20               Log Experiment             False
21              Experiment Name  clf-default-name
22                          USI              0d68
2026-07-15 22:29:00,570:INFO:Soft dependency imported: xgboost: 3.2.0
2026-07-15 22:29:00,572:INFO:Soft dependency imported: catboost: 1.2.10
2026-07-15 22:29:00,784:INFO:Soft dependency imported: xgboost: 3.2.0
2026-07-15 22:29:00,786:INFO:Soft dependency imported: catboost: 1.2.10
2026-07-15 22:29:00,787:INFO:setup() successfully completed in 13.71s...............
2026-07-15 22:33:03,110:WARNING:
'cuml' is a soft dependency and not included in the pycaret installation. Please run: `pip install cuml` to install.
2026-07-15 22:33:03,110:WARNING:
'cuml' is a soft dependency and not included in the pycaret installation. Please run: `pip install cuml` to install.
2026-07-15 22:33:03,110:WARNING:
'cuml' is a soft dependency and not included in the pycaret installation. Please run: `pip install cuml` to install.
2026-07-15 22:33:03,111:WARNING:
'cuml' is a soft dependency and not included in the pycaret installation. Please run: `pip install cuml` to install.
2026-07-15 22:33:06,543:INFO:PyCaret ClassificationExperiment
2026-07-15 22:33:06,544:INFO:Logging name: clf-default-name
2026-07-15 22:33:06,544:INFO:ML Usecase: MLUsecase.CLASSIFICATION
2026-07-15 22:33:06,544:INFO:version 3.3.2
2026-07-15 22:33:06,544:INFO:Initializing setup()
2026-07-15 22:33:06,544:INFO:self.USI: 5db7
2026-07-15 22:33:06,544:INFO:self._variable_keys: {'seed', '_available_plots', 'X', 'exp_name_log', 'fold_shuffle_param', 'gpu_param', 'memory', 'X_test', 'is_multiclass', 'y_train', 'X_train', 'fold_generator', 'data', 'n_jobs_param', 'pipeline', 'y_test', 'USI', 'logging_param', 'y', 'target_param', 'gpu_n_jobs_param', 'log_plots_param', 'exp_id', '_ml_usecase', 'fix_imbalance', 'html_param', 'fold_groups_param', 'idx'}
2026-07-15 22:33:06,544:INFO:Checking environment
2026-07-15 22:33:06,544:INFO:python_version: 3.10.20
2026-07-15 22:33:06,544:INFO:python_build: ('main', 'Jun 11 2026 15:13:20')
2026-07-15 22:33:06,544:INFO:machine: AMD64
2026-07-15 22:33:06,579:INFO:platform: Windows-10-10.0.26200-SP0
2026-07-15 22:33:06,579:INFO:Memory: svmem(total=51444269056, available=30730665984, percent=40.3, used=20713603072, free=30730665984)
2026-07-15 22:33:06,579:INFO:Physical Core: 6
2026-07-15 22:33:06,579:INFO:Logical Core: 12
2026-07-15 22:33:06,579:INFO:Checking libraries
2026-07-15 22:33:06,579:INFO:System:
2026-07-15 22:33:06,579:INFO:    python: 3.10.20 | packaged by Anaconda, Inc. | (main, Jun 11 2026, 15:13:20) [MSC v.1942 64 bit (AMD64)]
2026-07-15 22:33:06,580:INFO:executable: C:\temp\IT3385\env\python.exe
2026-07-15 22:33:06,580:INFO:   machine: Windows-10-10.0.26200-SP0
2026-07-15 22:33:06,580:INFO:PyCaret required dependencies:
2026-07-15 22:33:06,581:WARNING:C:\temp\IT3385\env\lib\site-packages\_distutils_hack\__init__.py:30: UserWarning: Setuptools is replacing distutils. Support for replacing an already imported distutils is deprecated. In the future, this condition will fail. Register concerns at https://github.com/pypa/setuptools/issues/new?template=distutils-deprecation.yml
  warnings.warn(

2026-07-15 22:33:07,763:INFO:                 pip: 26.1.2
2026-07-15 22:33:07,763:INFO:          setuptools: 82.0.1
2026-07-15 22:33:07,763:INFO:             pycaret: 3.3.2
2026-07-15 22:33:07,763:INFO:             IPython: 8.39.0
2026-07-15 22:33:07,764:INFO:          ipywidgets: 8.1.8
2026-07-15 22:33:07,764:INFO:                tqdm: 4.68.4
2026-07-15 22:33:07,764:INFO:               numpy: 1.26.4
2026-07-15 22:33:07,764:INFO:              pandas: 2.1.4
2026-07-15 22:33:07,764:INFO:              jinja2: 3.1.6
2026-07-15 22:33:07,764:INFO:               scipy: 1.11.4
2026-07-15 22:33:07,764:INFO:              joblib: 1.3.2
2026-07-15 22:33:07,764:INFO:             sklearn: 1.4.2
2026-07-15 22:33:07,764:INFO:                pyod: 3.4.0
2026-07-15 22:33:07,764:INFO:            imblearn: 0.14.2
2026-07-15 22:33:07,764:INFO:   category_encoders: 2.7.0
2026-07-15 22:33:07,764:INFO:            lightgbm: 4.6.0
2026-07-15 22:33:07,764:INFO:               numba: 0.62.1
2026-07-15 22:33:07,764:INFO:            requests: 2.34.2
2026-07-15 22:33:07,764:INFO:          matplotlib: 3.7.5
2026-07-15 22:33:07,764:INFO:          scikitplot: 0.3.7
2026-07-15 22:33:07,764:INFO:         yellowbrick: 1.5
2026-07-15 22:33:07,764:INFO:              plotly: 6.8.0
2026-07-15 22:33:07,764:INFO:    plotly-resampler: Not installed
2026-07-15 22:33:07,764:INFO:             kaleido: 1.3.0
2026-07-15 22:33:07,765:INFO:           schemdraw: 0.15
2026-07-15 22:33:07,765:INFO:         statsmodels: 0.14.6
2026-07-15 22:33:07,765:INFO:              sktime: 0.26.0
2026-07-15 22:33:07,765:INFO:               tbats: 1.1.3
2026-07-15 22:33:07,765:INFO:            pmdarima: 2.0.4
2026-07-15 22:33:07,765:INFO:              psutil: 7.2.2
2026-07-15 22:33:07,765:INFO:          markupsafe: 3.0.3
2026-07-15 22:33:07,765:INFO:             pickle5: Not installed
2026-07-15 22:33:07,765:INFO:         cloudpickle: 3.1.2
2026-07-15 22:33:07,765:INFO:         deprecation: 2.1.0
2026-07-15 22:33:07,765:INFO:              xxhash: 3.8.1
2026-07-15 22:33:07,765:INFO:           wurlitzer: Not installed
2026-07-15 22:33:07,765:INFO:PyCaret optional dependencies:
2026-07-15 22:33:12,563:INFO:                shap: 0.44.1
2026-07-15 22:33:12,563:INFO:           interpret: 0.6.9
2026-07-15 22:33:12,563:INFO:                umap: 0.5.7
2026-07-15 22:33:12,563:INFO:     ydata_profiling: 4.18.4
2026-07-15 22:33:12,563:INFO:  explainerdashboard: 0.5.8
2026-07-15 22:33:12,563:INFO:             autoviz: Not installed
2026-07-15 22:33:12,563:INFO:           fairlearn: 0.7.0
2026-07-15 22:33:12,564:INFO:          deepchecks: Not installed
2026-07-15 22:33:12,564:INFO:             xgboost: 3.2.0
2026-07-15 22:33:12,564:INFO:            catboost: 1.2.10
2026-07-15 22:33:12,564:INFO:              kmodes: 0.12.2
2026-07-15 22:33:12,564:INFO:             mlxtend: 0.23.4
2026-07-15 22:33:12,564:INFO:       statsforecast: 1.5.0
2026-07-15 22:33:12,564:INFO:        tune_sklearn: Not installed
2026-07-15 22:33:12,564:INFO:                 ray: Not installed
2026-07-15 22:33:12,564:INFO:            hyperopt: 0.2.7
2026-07-15 22:33:12,564:INFO:              optuna: 4.9.0
2026-07-15 22:33:12,564:INFO:               skopt: 0.10.2
2026-07-15 22:33:12,564:INFO:              mlflow: 3.14.0
2026-07-15 22:33:12,564:INFO:              gradio: 6.20.0
2026-07-15 22:33:12,564:INFO:             fastapi: 0.139.0
2026-07-15 22:33:12,564:INFO:             uvicorn: 0.51.0
2026-07-15 22:33:12,564:INFO:              m2cgen: 0.10.0
2026-07-15 22:33:12,564:INFO:           evidently: 0.4.40
2026-07-15 22:33:12,564:INFO:               fugue: 0.8.7
2026-07-15 22:33:12,564:INFO:           streamlit: Not installed
2026-07-15 22:33:12,564:INFO:             prophet: Not installed
2026-07-15 22:33:12,565:INFO:None
2026-07-15 22:33:12,565:INFO:Set up data.
2026-07-15 22:33:12,572:INFO:Set up folding strategy.
2026-07-15 22:33:12,572:INFO:Set up train/test split.
2026-07-15 22:33:12,577:INFO:Set up index.
2026-07-15 22:33:12,577:INFO:Assigning column types.
2026-07-15 22:33:12,580:INFO:Engine successfully changes for model 'lr' to 'sklearn'.
2026-07-15 22:33:12,613:INFO:Engine for model 'knn' has not been set explicitly, hence returning None.
2026-07-15 22:33:12,616:INFO:Engine for model 'rbfsvm' has not been set explicitly, hence returning None.
2026-07-15 22:33:12,645:INFO:Soft dependency imported: xgboost: 3.2.0
2026-07-15 22:33:12,647:INFO:Soft dependency imported: catboost: 1.2.10
2026-07-15 22:33:12,715:INFO:Engine for model 'knn' has not been set explicitly, hence returning None.
2026-07-15 22:33:12,716:INFO:Engine for model 'rbfsvm' has not been set explicitly, hence returning None.
2026-07-15 22:33:12,736:INFO:Soft dependency imported: xgboost: 3.2.0
2026-07-15 22:33:12,738:INFO:Soft dependency imported: catboost: 1.2.10
2026-07-15 22:33:12,739:INFO:Engine successfully changes for model 'knn' to 'sklearn'.
2026-07-15 22:33:12,773:INFO:Engine for model 'rbfsvm' has not been set explicitly, hence returning None.
2026-07-15 22:33:12,793:INFO:Soft dependency imported: xgboost: 3.2.0
2026-07-15 22:33:12,796:INFO:Soft dependency imported: catboost: 1.2.10
2026-07-15 22:33:12,829:INFO:Engine for model 'rbfsvm' has not been set explicitly, hence returning None.
2026-07-15 22:33:12,850:INFO:Soft dependency imported: xgboost: 3.2.0
2026-07-15 22:33:12,852:INFO:Soft dependency imported: catboost: 1.2.10
2026-07-15 22:33:12,853:INFO:Engine successfully changes for model 'rbfsvm' to 'sklearn'.
2026-07-15 22:33:12,907:INFO:Soft dependency imported: xgboost: 3.2.0
2026-07-15 22:33:12,909:INFO:Soft dependency imported: catboost: 1.2.10
2026-07-15 22:33:12,963:INFO:Soft dependency imported: xgboost: 3.2.0
2026-07-15 22:33:12,965:INFO:Soft dependency imported: catboost: 1.2.10
2026-07-15 22:33:12,969:INFO:Preparing preprocessing pipeline...
2026-07-15 22:33:12,970:INFO:Set up label encoding.
2026-07-15 22:33:12,970:INFO:Set up simple imputation.
2026-07-15 22:33:12,972:INFO:Set up encoding of ordinal features.
2026-07-15 22:33:12,973:INFO:Set up encoding of categorical features.
2026-07-15 22:33:13,017:INFO:Finished creating preprocessing pipeline.
2026-07-15 22:33:13,033:INFO:Pipeline: Pipeline(memory=FastMemory(location=C:\Users\s123m\AppData\Local\Temp\joblib),
         steps=[('label_encoding',
                 TransformerWrapperWithInverse(exclude=None, include=None,
                                               transformer=LabelEncoder())),
                ('numerical_imputer',
                 TransformerWrapper(exclude=None,
                                    include=['Id', 'WeekofPurchase', 'StoreID',
                                             'PriceCH', 'PriceMM', 'DiscCH',
                                             'DiscMM', 'SpecialCH', 'SpecialMM',
                                             'Loyal...
                                                              missing_values=nan,
                                                              strategy='most_frequent'))),
                ('ordinal_encoding',
                 TransformerWrapper(exclude=None, include=['Store7'],
                                    transformer=OrdinalEncoder(cols=['Store7'],
                                                               drop_invariant=False,
                                                               handle_missing='return_nan',
                                                               handle_unknown='value',
                                                               mapping=[{'col': 'Store7',
                                                                         'data_type': dtype('O'),
                                                                         'mapping': No     0
Yes    1
NaN   -1
dtype: int64}],
                                                               return_df=True,
                                                               verbose=0)))],
         verbose=False)
2026-07-15 22:33:13,034:INFO:Creating final display dataframe.
2026-07-15 22:33:13,267:INFO:Setup _display_container:                     Description             Value
0                    Session id              1688
1                        Target          Purchase
2                   Target type            Binary
3                Target mapping      CH: 0, MM: 1
4           Original data shape        (1070, 19)
5        Transformed data shape        (1070, 19)
6   Transformed train set shape         (749, 19)
7    Transformed test set shape         (321, 19)
8              Numeric features                17
9          Categorical features                 1
10                   Preprocess              True
11              Imputation type            simple
12           Numeric imputation              mean
13       Categorical imputation              mode
14     Maximum one-hot encoding                25
15              Encoding method              None
16               Fold Generator   StratifiedKFold
17                  Fold Number                10
18                     CPU Jobs                -1
19                      Use GPU             False
20               Log Experiment             False
21              Experiment Name  clf-default-name
22                          USI              5db7
2026-07-15 22:33:13,333:INFO:Soft dependency imported: xgboost: 3.2.0
2026-07-15 22:33:13,335:INFO:Soft dependency imported: catboost: 1.2.10
2026-07-15 22:33:13,392:INFO:Soft dependency imported: xgboost: 3.2.0
2026-07-15 22:33:13,394:INFO:Soft dependency imported: catboost: 1.2.10
2026-07-15 22:33:13,396:INFO:setup() successfully completed in 6.86s...............
2026-07-15 23:32:08,378:WARNING:
'cuml' is a soft dependency and not included in the pycaret installation. Please run: `pip install cuml` to install.
2026-07-15 23:32:08,378:WARNING:
'cuml' is a soft dependency and not included in the pycaret installation. Please run: `pip install cuml` to install.
2026-07-15 23:32:08,378:WARNING:
'cuml' is a soft dependency and not included in the pycaret installation. Please run: `pip install cuml` to install.
2026-07-15 23:32:08,378:WARNING:
'cuml' is a soft dependency and not included in the pycaret installation. Please run: `pip install cuml` to install.
2026-07-15 23:32:12,555:INFO:PyCaret ClassificationExperiment
2026-07-15 23:32:12,555:INFO:Logging name: clf-default-name
2026-07-15 23:32:12,555:INFO:ML Usecase: MLUsecase.CLASSIFICATION
2026-07-15 23:32:12,555:INFO:version 3.3.2
2026-07-15 23:32:12,555:INFO:Initializing setup()
2026-07-15 23:32:12,555:INFO:self.USI: 313f
2026-07-15 23:32:12,555:INFO:self._variable_keys: {'X', 'X_test', 'fold_groups_param', 'y_train', 'y', 'fold_shuffle_param', 'fix_imbalance', 'fold_generator', 'data', 'idx', '_available_plots', 'exp_id', 'y_test', 'exp_name_log', 'USI', 'n_jobs_param', 'logging_param', 'X_train', 'log_plots_param', 'gpu_param', 'pipeline', 'gpu_n_jobs_param', 'seed', 'target_param', 'html_param', 'is_multiclass', '_ml_usecase', 'memory'}
2026-07-15 23:32:12,556:INFO:Checking environment
2026-07-15 23:32:12,556:INFO:python_version: 3.10.20
2026-07-15 23:32:12,556:INFO:python_build: ('main', 'Jun 11 2026 15:13:20')
2026-07-15 23:32:12,556:INFO:machine: AMD64
2026-07-15 23:32:12,591:INFO:platform: Windows-10-10.0.26200-SP0
2026-07-15 23:32:12,591:INFO:Memory: svmem(total=51444269056, available=32264740864, percent=37.3, used=19179528192, free=32264740864)
2026-07-15 23:32:12,591:INFO:Physical Core: 6
2026-07-15 23:32:12,591:INFO:Logical Core: 12
2026-07-15 23:32:12,591:INFO:Checking libraries
2026-07-15 23:32:12,591:INFO:System:
2026-07-15 23:32:12,591:INFO:    python: 3.10.20 | packaged by Anaconda, Inc. | (main, Jun 11 2026, 15:13:20) [MSC v.1942 64 bit (AMD64)]
2026-07-15 23:32:12,591:INFO:executable: C:\temp\IT3385\env\python.exe
2026-07-15 23:32:12,591:INFO:   machine: Windows-10-10.0.26200-SP0
2026-07-15 23:32:12,592:INFO:PyCaret required dependencies:
2026-07-15 23:32:12,592:WARNING:C:\temp\IT3385\env\lib\site-packages\_distutils_hack\__init__.py:30: UserWarning: Setuptools is replacing distutils. Support for replacing an already imported distutils is deprecated. In the future, this condition will fail. Register concerns at https://github.com/pypa/setuptools/issues/new?template=distutils-deprecation.yml
  warnings.warn(

2026-07-15 23:32:13,645:INFO:                 pip: 26.1.2
2026-07-15 23:32:13,645:INFO:          setuptools: 82.0.1
2026-07-15 23:32:13,645:INFO:             pycaret: 3.3.2
2026-07-15 23:32:13,645:INFO:             IPython: 8.39.0
2026-07-15 23:32:13,645:INFO:          ipywidgets: 8.1.8
2026-07-15 23:32:13,645:INFO:                tqdm: 4.68.4
2026-07-15 23:32:13,645:INFO:               numpy: 1.26.4
2026-07-15 23:32:13,645:INFO:              pandas: 2.1.4
2026-07-15 23:32:13,645:INFO:              jinja2: 3.1.6
2026-07-15 23:32:13,645:INFO:               scipy: 1.11.4
2026-07-15 23:32:13,645:INFO:              joblib: 1.3.2
2026-07-15 23:32:13,645:INFO:             sklearn: 1.4.2
2026-07-15 23:32:13,646:INFO:                pyod: 3.4.0
2026-07-15 23:32:13,646:INFO:            imblearn: 0.14.2
2026-07-15 23:32:13,646:INFO:   category_encoders: 2.7.0
2026-07-15 23:32:13,646:INFO:            lightgbm: 4.6.0
2026-07-15 23:32:13,646:INFO:               numba: 0.62.1
2026-07-15 23:32:13,646:INFO:            requests: 2.34.2
2026-07-15 23:32:13,646:INFO:          matplotlib: 3.7.5
2026-07-15 23:32:13,646:INFO:          scikitplot: 0.3.7
2026-07-15 23:32:13,646:INFO:         yellowbrick: 1.5
2026-07-15 23:32:13,646:INFO:              plotly: 6.8.0
2026-07-15 23:32:13,646:INFO:    plotly-resampler: Not installed
2026-07-15 23:32:13,646:INFO:             kaleido: 1.3.0
2026-07-15 23:32:13,646:INFO:           schemdraw: 0.15
2026-07-15 23:32:13,646:INFO:         statsmodels: 0.14.6
2026-07-15 23:32:13,646:INFO:              sktime: 0.26.0
2026-07-15 23:32:13,646:INFO:               tbats: 1.1.3
2026-07-15 23:32:13,646:INFO:            pmdarima: 2.0.4
2026-07-15 23:32:13,647:INFO:              psutil: 7.2.2
2026-07-15 23:32:13,647:INFO:          markupsafe: 3.0.3
2026-07-15 23:32:13,647:INFO:             pickle5: Not installed
2026-07-15 23:32:13,647:INFO:         cloudpickle: 3.1.2
2026-07-15 23:32:13,647:INFO:         deprecation: 2.1.0
2026-07-15 23:32:13,647:INFO:              xxhash: 3.8.1
2026-07-15 23:32:13,647:INFO:           wurlitzer: Not installed
2026-07-15 23:32:13,647:INFO:PyCaret optional dependencies:
2026-07-15 23:32:18,597:INFO:                shap: 0.44.1
2026-07-15 23:32:18,597:INFO:           interpret: 0.6.9
2026-07-15 23:32:18,597:INFO:                umap: 0.5.7
2026-07-15 23:32:18,597:INFO:     ydata_profiling: 4.18.4
2026-07-15 23:32:18,597:INFO:  explainerdashboard: 0.5.8
2026-07-15 23:32:18,597:INFO:             autoviz: Not installed
2026-07-15 23:32:18,598:INFO:           fairlearn: 0.7.0
2026-07-15 23:32:18,598:INFO:          deepchecks: Not installed
2026-07-15 23:32:18,598:INFO:             xgboost: 3.2.0
2026-07-15 23:32:18,598:INFO:            catboost: 1.2.10
2026-07-15 23:32:18,598:INFO:              kmodes: 0.12.2
2026-07-15 23:32:18,598:INFO:             mlxtend: 0.23.4
2026-07-15 23:32:18,598:INFO:       statsforecast: 1.5.0
2026-07-15 23:32:18,598:INFO:        tune_sklearn: Not installed
2026-07-15 23:32:18,598:INFO:                 ray: Not installed
2026-07-15 23:32:18,598:INFO:            hyperopt: 0.2.7
2026-07-15 23:32:18,598:INFO:              optuna: 4.9.0
2026-07-15 23:32:18,598:INFO:               skopt: 0.10.2
2026-07-15 23:32:18,598:INFO:              mlflow: 3.14.0
2026-07-15 23:32:18,598:INFO:              gradio: 6.20.0
2026-07-15 23:32:18,598:INFO:             fastapi: 0.139.0
2026-07-15 23:32:18,598:INFO:             uvicorn: 0.51.0
2026-07-15 23:32:18,598:INFO:              m2cgen: 0.10.0
2026-07-15 23:32:18,598:INFO:           evidently: 0.4.40
2026-07-15 23:32:18,598:INFO:               fugue: 0.8.7
2026-07-15 23:32:18,598:INFO:           streamlit: Not installed
2026-07-15 23:32:18,598:INFO:             prophet: Not installed
2026-07-15 23:32:18,599:INFO:None
2026-07-15 23:32:18,599:INFO:Set up data.
2026-07-15 23:32:18,605:INFO:Set up folding strategy.
2026-07-15 23:32:18,605:INFO:Set up train/test split.
2026-07-15 23:32:18,614:INFO:Set up index.
2026-07-15 23:32:18,614:INFO:Assigning column types.
2026-07-15 23:32:18,617:INFO:Engine successfully changes for model 'lr' to 'sklearn'.
2026-07-15 23:32:18,650:INFO:Engine for model 'knn' has not been set explicitly, hence returning None.
2026-07-15 23:32:18,653:INFO:Engine for model 'rbfsvm' has not been set explicitly, hence returning None.
2026-07-15 23:32:18,683:INFO:Soft dependency imported: xgboost: 3.2.0
2026-07-15 23:32:18,685:INFO:Soft dependency imported: catboost: 1.2.10
2026-07-15 23:32:18,756:INFO:Engine for model 'knn' has not been set explicitly, hence returning None.
2026-07-15 23:32:18,757:INFO:Engine for model 'rbfsvm' has not been set explicitly, hence returning None.
2026-07-15 23:32:18,777:INFO:Soft dependency imported: xgboost: 3.2.0
2026-07-15 23:32:18,780:INFO:Soft dependency imported: catboost: 1.2.10
2026-07-15 23:32:18,781:INFO:Engine successfully changes for model 'knn' to 'sklearn'.
2026-07-15 23:32:18,814:INFO:Engine for model 'rbfsvm' has not been set explicitly, hence returning None.
2026-07-15 23:32:18,834:INFO:Soft dependency imported: xgboost: 3.2.0
2026-07-15 23:32:18,835:INFO:Soft dependency imported: catboost: 1.2.10
2026-07-15 23:32:18,869:INFO:Engine for model 'rbfsvm' has not been set explicitly, hence returning None.
2026-07-15 23:32:18,891:INFO:Soft dependency imported: xgboost: 3.2.0
2026-07-15 23:32:18,892:INFO:Soft dependency imported: catboost: 1.2.10
2026-07-15 23:32:18,893:INFO:Engine successfully changes for model 'rbfsvm' to 'sklearn'.
2026-07-15 23:32:18,948:INFO:Soft dependency imported: xgboost: 3.2.0
2026-07-15 23:32:18,950:INFO:Soft dependency imported: catboost: 1.2.10
2026-07-15 23:32:19,006:INFO:Soft dependency imported: xgboost: 3.2.0
2026-07-15 23:32:19,008:INFO:Soft dependency imported: catboost: 1.2.10
2026-07-15 23:32:19,011:INFO:Preparing preprocessing pipeline...
2026-07-15 23:32:19,012:INFO:Set up label encoding.
2026-07-15 23:32:19,012:INFO:Set up simple imputation.
2026-07-15 23:32:19,015:INFO:Set up encoding of ordinal features.
2026-07-15 23:32:19,016:INFO:Set up encoding of categorical features.
2026-07-15 23:32:19,064:INFO:Finished creating preprocessing pipeline.
2026-07-15 23:32:19,081:INFO:Pipeline: Pipeline(memory=FastMemory(location=C:\Users\s123m\AppData\Local\Temp\joblib),
         steps=[('label_encoding',
                 TransformerWrapperWithInverse(exclude=None, include=None,
                                               transformer=LabelEncoder())),
                ('numerical_imputer',
                 TransformerWrapper(exclude=None,
                                    include=['Id', 'WeekofPurchase', 'StoreID',
                                             'PriceCH', 'PriceMM', 'DiscCH',
                                             'DiscMM', 'SpecialCH', 'SpecialMM',
                                             'Loyal...
                                                              missing_values=nan,
                                                              strategy='most_frequent'))),
                ('ordinal_encoding',
                 TransformerWrapper(exclude=None, include=['Store7'],
                                    transformer=OrdinalEncoder(cols=['Store7'],
                                                               drop_invariant=False,
                                                               handle_missing='return_nan',
                                                               handle_unknown='value',
                                                               mapping=[{'col': 'Store7',
                                                                         'data_type': dtype('O'),
                                                                         'mapping': No     0
Yes    1
NaN   -1
dtype: int64}],
                                                               return_df=True,
                                                               verbose=0)))],
         verbose=False)
2026-07-15 23:32:19,081:INFO:Creating final display dataframe.
2026-07-15 23:32:19,217:INFO:Setup _display_container:                     Description             Value
0                    Session id              2384
1                        Target          Purchase
2                   Target type            Binary
3                Target mapping      CH: 0, MM: 1
4           Original data shape        (1070, 19)
5        Transformed data shape        (1070, 19)
6   Transformed train set shape         (749, 19)
7    Transformed test set shape         (321, 19)
8              Numeric features                17
9          Categorical features                 1
10                   Preprocess              True
11              Imputation type            simple
12           Numeric imputation              mean
13       Categorical imputation              mode
14     Maximum one-hot encoding                25
15              Encoding method              None
16               Fold Generator   StratifiedKFold
17                  Fold Number                10
18                     CPU Jobs                -1
19                      Use GPU             False
20               Log Experiment             False
21              Experiment Name  clf-default-name
22                          USI              313f
2026-07-15 23:32:19,273:INFO:Soft dependency imported: xgboost: 3.2.0
2026-07-15 23:32:19,275:INFO:Soft dependency imported: catboost: 1.2.10
2026-07-15 23:32:19,329:INFO:Soft dependency imported: xgboost: 3.2.0
2026-07-15 23:32:19,331:INFO:Soft dependency imported: catboost: 1.2.10
2026-07-15 23:32:19,333:INFO:setup() successfully completed in 6.78s...............
